4, 0, 0, 0, 0, 0, 0, 0, 0, 0, 0, 8, NA, NA, NA, 0.00346621460
4, 0, 0, 0, 0, 0, 0, 0, 0, 0, 0, NA, NA, NA, NA, 0.10843717413
4, 1, 0, 0, 0, 0, 0, 1, 1, 1, 1, NA, NA, NA, NA, 0.00061751050
3, 0, 0, 0, 0, 0, 0, 0, 0, 0, 0, NA, NA, NA, NA, 0.14788211375
4, 1, 0, 0, 0, 0, 0, 0, 0, 0, 0, NA, NA, NA, NA, 0.09005167281
4, 0, 0, 0, 0, 0, 0, 0, 0, 0, 0, 2, NA, NA, NA, 0.00361767944
3, 1, 0, 0, 0, 0, 0, 0, 0, 0, 0, NA, NA, NA, NA, 0.10185427917
4, 0, 0, 0, 0, 0, 0, 0, 0, 0, 0, 7, NA, NA, NA, 0.00336717990
4, 0, 0, 0, 0, 0, 0, 0, 0, 0, 0, NA, NA, 2, NA, 0.00057673151
2, 0, 0, 0, 0, 0, 0, 0, 0, 0, 0, NA, NA, NA, NA, 0.09422860705
3, 0, 0, 0, 0, 0, 0, 0, 0, 0, 1, NA, NA, NA, NA, 0.00455559633
2, 0, 0, 0, 0, 1, 1, 1, 1, 1, 1, NA, NA, NA, NA, 0.00182340365
2, 1, 0, 0, 0, 0, 0, 0, 0, 0, 0, NA, NA, NA, NA, 0.06448324275
2, 1, 0, 0, 0, 0, 0, 0, 0, 0, 0, NA, NA, 6, NA, 0.00012816256
2, 0, 0, 0, 0, 0, 0, 0, 0, 1, 1, NA, NA, NA, NA, 0.00391478355
2, 0, 0, 0, 0, 0, 0, 0, 1, 1, 0, NA, NA, NA, NA, 0.00041361552
5, 0, 0, 0, 0, 0, 0, 0, 0, 0, 0, NA, NA, NA, NA, 0.02481693144
5, 0, 0, 0, 0, 0, 0, 0, 0, 0, 0, 2, NA, NA, NA, 0.00247586757
5, 1, 0, 0, 0, 0, 0, 0, 0, 0, 0, NA, NA, NA, NA, 0.03172605836
5, 1, 0, 0, 0, 0, 0, 0, 0, 0, 0, 6, NA, NA, NA, 0.00192826392
5, 0, 0, 0, 0, 0, 0, 0, 0, 1, 1, NA, NA, NA, NA, 0.00019806941
5, 1, 0, 0, 0, 0, 0, 0, 0, 0, 0, 4, NA, NA, NA, 0.00216128675
3, 1, 0, 0, 0, 0, 0, 0, 0, 0, 0, NA, NA, 7, NA, 0.00034953425
3, 1, 0, 0, 0, 0, 0, 0, 0, 0, 0, 7, NA, NA, NA, 0.00110685844
3, 0, 0, 0, 0, 0, 0, 0, 0, 0, 0, 4, NA, NA, NA, 0.00226614703
4, 0, 0, 0, 0, 0, 1, 0, 0, 0, 0, NA, NA, NA, NA, 0.00025049954
4, 0, 0, 0, 0, 0, 0, 0, 0, 0, 0, NA, NA, 3, NA, 0.00054177808
4, 0, 0, 0, 0, 0, 0, 0, 0, 0, 0, NA, NA, NA, 7, 0.00025632511
3, 0, 0, 0, 0, 0, 0, 0, 0, 0, 0, 2, NA, NA, NA, 0.00222536803
4, 1, 0, 0, 0, 0, 0, 0, 0, 0, 0, NA, NA, NA, 7, 0.00020389498
4, 1, 0, 0, 0, 0, 0, 0, 0, 0, 0, NA, NA, NA, 2, 0.00018641826
2, 0, 1, 1, 1, 1, 1, 1, 1, 1, 1, NA, NA, NA, NA, 0.00174184566
2, 1, 0, 0, 0, 0, 0, 1, 1, 1, 1, NA, NA, NA, NA, 0.00134570685
2, 1, 0, 0, 0, 0, 1, 0, 0, 0, 0, NA, NA, NA, NA, 0.00030292968
4, 0, 0, 0, 0, 0, 0, 0, 0, 0, 0, 3, NA, NA, NA, 0.00330892419
4, 0, 0, 0, 0, 0, 0, 0, 0, 0, 0, NA, NA, NA, 2, 0.00027380183
4, 0, 0, 0, 0, 0, 0, 0, 0, 1, 1, NA, NA, NA, NA, 0.00158455525
3, 0, 0, 0, 0, 0, 0, 0, 0, 0, 0, 3, NA, NA, NA, 0.00212633333
2, 1, 0, 0, 0, 0, 0, 0, 0, 1, 1, NA, NA, NA, NA, 0.00210303104
5, 0, 0, 0, 0, 0, 0, 0, 0, 0, 0, 4, NA, NA, NA, 0.00266811141
2, 1, 0, 1, 1, 1, 1, 1, 1, 1, 1, NA, NA, NA, NA, 0.00061751050
3, 0, 0, 0, 0, 0, 1, 1, 1, 1, 1, NA, NA, NA, NA, 0.00175349680
3, 1, 0, 0, 0, 0, 0, 0, 0, 1, 1, NA, NA, NA, NA, 0.00224284474
5, 0, 0, 0, 0, 0, 0, 0, 0, 0, 0, 3, NA, NA, NA, 0.00227197260
4, 0, 0, 0, 0, 0, 0, 0, 0, 0, 0, 6, NA, NA, NA, 0.00344873789
3, 0, 0, 0, 0, 0, 0, 1, 1, 1, 1, NA, NA, NA, NA, 0.00277879725
5, 1, 0, 0, 0, 0, 0, 0, 0, 0, 0, 3, NA, NA, NA, 0.00198651963
3, 1, 0, 1, 1, 1, 1, 1, 1, 1, 1, NA, NA, NA, NA, 0.00046022009
4, 0, 0, 0, 0, 0, 0, 0, 0, 0, 0, 4, NA, NA, NA, 0.00352447031
4, 0, 0, 0, 0, 0, 0, 0, 0, 0, 0, NA, 9, NA, NA, 0.00070489406
2, 0, 0, 0, 0, 0, 0, 0, 0, 0, 1, NA, NA, NA, NA, 0.00390313241
2, 0, 0, 0, 0, 0, 0, 0, 0, 0, 0, 3, NA, NA, NA, 0.00074567306
1, 0, 0, 0, 0, 0, 0, 0, 1, 1, 1, NA, NA, NA, NA, 0.00004077900
2, 0, 0, 0, 0, 0, 0, 1, 1, 1, 1, NA, NA, NA, NA, 0.00243508858
2, 0, 0, 0, 0, 0, 0, 0, 0, 0, 0, 7, NA, NA, NA, 0.00079227762
3, 0, 1, 1, 0, 0, 0, 0, 0, 0, 0, NA, NA, NA, NA, 0.00026215068
4, 0, 0, 0, 0, 0, 0, 0, 0, 0, 1, NA, NA, NA, NA, 0.00187000821
3, 1, 0, 0, 0, 0, 0, 0, 0, 0, 0, NA, NA, 4, NA, 0.00023302283
5, 1, 0, 0, 0, 0, 0, 0, 0, 0, 0, 3, 3, NA, NA, 0.00008738356
3, 1, 0, 0, 0, 1, 0, 0, 0, 0, 0, NA, NA, NA, NA, 0.00037283653
3, 0, 0, 0, 0, 0, 0, 0, 0, 0, 0, NA, NA, NA, 9, 0.00030875525
3, 0, 0, 0, 0, 0, 0, 0, 0, 0, 0, NA, NA, 5, NA, 0.00063498721
3, 1, 0, 0, 0, 0, 0, 0, 1, 1, 0, NA, NA, NA, NA, 0.00036701096
3, 0, 0, 0, 0, 0, 0, 0, 1, 1, 1, NA, NA, NA, NA, 0.00268558812
2, 0, 0, 0, 0, 0, 1, 1, 1, 1, 1, NA, NA, NA, NA, 0.00193408949
1, 1, 0, 0, 0, 0, 0, 0, 0, 0, 0, NA, NA, NA, NA, 0.00087383561
1, 0, 0, 0, 0, 0, 0, 0, 0, 0, 0, NA, NA, NA, NA, 0.00139231141
5, 1, 0, 0, 0, 0, 0, 0, 0, 0, 0, 3, 2, NA, NA, 0.00006408128
5, 0, 0, 0, 0, 0, 0, 0, 0, 0, 0, NA, 9, NA, NA, 0.00025632511
4, 0, 0, 0, 0, 1, 1, 1, 1, 1, 1, NA, NA, NA, NA, 0.00068741735
4, 0, 0, 0, 1, 1, 1, 0, 0, 0, 0, NA, NA, NA, NA, 0.00004660457
3, 1, 0, 0, 1, 1, 1, 1, 1, 1, 1, NA, NA, NA, NA, 0.00068159178
3, 0, 0, 0, 0, 0, 0, 0, 0, 0, 0, 8, NA, NA, NA, 0.00246421643
4, 0, 0, 0, 0, 0, 0, 0, 0, 0, 0, 9, NA, NA, NA, 0.00316911049
2, 0, 0, 0, 0, 0, 0, 0, 0, 0, 0, NA, NA, 5, NA, 0.00025632511
2, 1, 0, 0, 0, 0, 0, 0, 0, 0, 1, NA, NA, NA, NA, 0.00264480913
2, 1, 0, 0, 0, 0, 1, 1, 1, 1, 1, NA, NA, NA, NA, 0.00114181187
2, 1, 0, 0, 0, 1, 1, 1, 1, 1, 1, NA, NA, NA, NA, 0.00098452146
5, 1, 0, 0, 0, 0, 0, 0, 0, 0, 0, NA, 8, NA, NA, 0.00036118539
3, 0, 0, 0, 0, 0, 1, 0, 0, 0, 0, NA, NA, NA, NA, 0.00054760365
3, 1, 0, 0, 0, 0, 0, 0, 0, 0, 1, NA, NA, NA, NA, 0.00256325113
3, 0, 0, 0, 0, 0, 0, 0, 0, 0, 0, NA, NA, 8, NA, 0.00060003379
3, 1, 0, 0, 0, 0, 0, 0, 0, 0, 0, NA, NA, 8, NA, 0.00039613881
3, 0, 1, 1, 1, 1, 1, 1, 0, 0, 0, NA, NA, NA, NA, 0.00015729041
4, 0, 0, 0, 0, 0, 0, 0, 0, 1, 0, NA, NA, NA, NA, 0.00057090593
6, 0, 0, 0, 0, 0, 0, 0, 0, 0, 0, 9, NA, NA, NA, 0.00016894155
2, 1, 0, 0, 0, 0, 0, 1, 1, 1, 0, NA, NA, NA, NA, 0.00021554612
2, 0, 0, 0, 0, 0, 0, 1, 0, 1, 1, NA, NA, NA, NA, 0.00011651142
4, 1, 0, 0, 0, 0, 1, 1, 0, 0, 0, NA, NA, NA, NA, 0.00009320913
5, 0, 0, 0, 0, 0, 0, 0, 0, 0, 0, 7, NA, NA, NA, 0.00186418264
4, 0, 0, 0, 0, 0, 0, 0, 0, 0, 0, 5, NA, NA, NA, 0.00335552876
4, 1, 0, 0, 0, 0, 0, 0, 0, 0, 0, 2, NA, NA, NA, 0.00194574063
2, 1, 0, 0, 0, 0, 0, 0, 0, 0, 0, 3, NA, NA, NA, 0.00038448767
4, 0, 0, 0, 0, 0, 0, 0, 0, 0, 0, NA, 8, NA, NA, 0.00071654520
3, 1, 0, 0, 0, 0, 0, 0, 0, 0, 0, 3, NA, NA, NA, 0.00106025388
4, 1, 0, 0, 0, 0, 0, 0, 0, 0, 0, NA, NA, 4, NA, 0.00037283653
4, 1, 0, 0, 0, 0, 0, 1, 0, 0, 0, NA, NA, NA, NA, 0.00029710411
5, 0, 0, 0, 0, 0, 0, 0, 0, 0, 0, 5, NA, 2, NA, 0.00005243014
5, 0, 0, 0, 0, 0, 0, 0, 0, 0, 0, 7, 3, NA, NA, 0.00003495342
5, 1, 0, 0, 0, 0, 0, 0, 0, 0, 0, 5, 4, NA, NA, 0.00003495342
3, 0, 0, 0, 0, 0, 0, 0, 0, 0, 0, NA, 9, NA, NA, 0.00027380183
3, 1, 0, 0, 0, 0, 0, 0, 0, 0, 0, 6, NA, NA, NA, 0.00104277717
3, 0, 0, 0, 0, 0, 0, 0, 0, 0, 0, NA, NA, 3, NA, 0.00055342922
2, 0, 0, 0, 0, 0, 0, 0, 1, 1, 1, NA, NA, NA, NA, 0.00265063470
3, 1, 0, 0, 0, 1, 1, 1, 1, 1, 1, NA, NA, NA, NA, 0.00100199817
2, 0, 0, 0, 0, 0, 0, 0, 0, 0, 0, 9, NA, NA, NA, 0.00064663835
2, 0, 0, 0, 0, 0, 0, 1, 1, 1, 0, NA, NA, NA, NA, 0.00028545297
5, 0, 0, 0, 0, 0, 0, 0, 0, 0, 0, NA, NA, 4, NA, 0.00018641826
5, 0, 0, 0, 0, 0, 0, 0, 0, 0, 0, 8, 3, NA, NA, 0.00003495342
5, 1, 0, 0, 0, 0, 0, 0, 0, 0, 0, 8, 7, NA, NA, 0.00005825571
3, 1, 0, 0, 0, 0, 1, 1, 1, 1, 1, NA, NA, NA, NA, 0.00107190502
3, 1, 0, 0, 0, 0, 0, 0, 1, 1, 1, NA, NA, NA, NA, 0.00160203196
3, 1, 0, 0, 0, 0, 0, 1, 1, 1, 1, NA, NA, NA, NA, 0.00156707853
3, 1, 0, 0, 0, 0, 0, 0, 0, 0, 0, 8, NA, NA, NA, 0.00109520730
3, 0, 0, 0, 0, 0, 0, 1, 1, 1, 0, NA, NA, NA, NA, 0.00026215068
3, 0, 0, 0, 0, 0, 0, 0, 0, 0, 0, 6, NA, NA, NA, 0.00233022830
3, 0, 0, 0, 0, 0, 0, 0, 0, 1, 1, NA, NA, NA, NA, 0.00397303926
2, 0, 0, 1, 0, 0, 0, 0, 0, 0, 0, NA, NA, NA, NA, 0.00026215068
2, 1, 0, 0, 0, 0, 0, 0, 1, 1, 1, NA, NA, NA, NA, 0.00159620639
4, 1, 0, 0, 0, 0, 0, 0, 0, 0, 0, 4, NA, NA, NA, 0.00185835707
2, 1, 0, 0, 0, 0, 0, 0, 0, 0, 0, 4, NA, NA, NA, 0.00044856895
2, 0, 0, 0, 0, 0, 0, 0, 0, 0, 0, NA, NA, NA, 9, 0.00018641826
2, 0, 0, 0, 0, 0, 0, 0, 0, 0, 0, NA, NA, NA, 7, 0.00016894155
6, 0, 0, 0, 0, 0, 0, 0, 0, 0, 0, 7, NA, NA, NA, 0.00028545297
6, 1, 0, 0, 0, 0, 0, 0, 0, 0, 0, NA, NA, NA, NA, 0.00248169314
6, 1, 0, 0, 0, 0, 0, 0, 0, 0, 0, 4, NA, NA, NA, 0.00068741735
5, 0, 0, 0, 0, 0, 0, 0, 0, 0, 0, 5, NA, NA, NA, 0.00212633333
4, 1, 0, 0, 0, 0, 0, 0, 0, 0, 0, 3, NA, NA, NA, 0.00182340365
5, 0, 0, 0, 0, 0, 0, 0, 0, 0, 0, 8, NA, NA, NA, 0.00237100730
5, 1, 0, 0, 0, 0, 0, 0, 0, 0, 0, 2, NA, NA, NA, 0.00193991506
5, 1, 0, 0, 0, 0, 0, 0, 0, 0, 0, 8, NA, NA, NA, 0.00207390319
3, 0, 0, 0, 0, 0, 0, 0, 0, 0, 0, NA, NA, NA, 7, 0.00027962740
5, 1, 0, 0, 0, 0, 0, 1, 1, 1, 1, NA, NA, NA, NA, 0.00006990685
5, 1, 0, 0, 0, 0, 0, 0, 0, 0, 0, 5, NA, NA, NA, 0.00191078721
3, 0, 0, 0, 0, 0, 0, 0, 0, 0, 0, NA, 5, NA, NA, 0.00016894155
4, 0, 0, 0, 0, 0, 1, 1, 1, 1, 1, NA, NA, NA, NA, 0.00071654520
3, 0, 0, 0, 0, 0, 0, 0, 0, 0, 0, 8, NA, 6, NA, 0.00003495342
3, 0, 0, 0, 0, 0, 1, 1, 1, 1, 0, NA, NA, NA, NA, 0.00016894155
4, 0, 0, 0, 0, 0, 0, 0, 1, 0, 0, NA, NA, NA, NA, 0.00036118539
3, 1, 0, 0, 0, 0, 0, 0, 0, 0, 0, 9, NA, NA, NA, 0.00097869589
3, 0, 1, 1, 1, 0, 1, 1, 1, 1, 1, NA, NA, NA, NA, 0.00003495342
2, 0, 0, 0, 0, 0, 1, 1, 1, 0, 1, NA, NA, NA, NA, 0.00010486027
5, 1, 0, 0, 0, 0, 0, 0, 0, 0, 0, 5, NA, NA, 5, 0.00003495342
6, 0, 0, 0, 0, 0, 0, 0, 0, 0, 0, 3, NA, NA, NA, 0.00053595251
5, 1, 0, 0, 0, 0, 0, 0, 0, 0, 0, 3, NA, 3, NA, 0.00009320913
3, 0, 0, 0, 0, 0, 0, 0, 0, 0, 0, NA, 4, NA, NA, 0.00013398813
3, 1, 0, 0, 1, 0, 0, 0, 0, 0, 0, NA, NA, NA, NA, 0.00029710411
3, 0, 0, 0, 0, 0, 0, 0, 0, 0, 0, NA, 7, NA, NA, 0.00019224384
5, 1, 0, 0, 0, 0, 0, 0, 0, 0, 0, NA, NA, 7, NA, 0.00022719726
3, 0, 0, 0, 0, 0, 0, 0, 0, 0, 0, 5, NA, NA, 5, 0.00005825571
3, 1, 0, 0, 0, 1, 1, 1, 1, 0, 0, NA, NA, NA, NA, 0.00006990685
3, 1, 0, 0, 0, 0, 0, 1, 0, 0, 0, NA, NA, NA, NA, 0.00045439452
3, 0, 0, 0, 0, 0, 0, 0, 1, 0, 0, NA, NA, NA, NA, 0.00068159178
2, 0, 0, 1, 1, 1, 1, 1, 1, 1, 1, NA, NA, NA, NA, 0.00094956803
5, 0, 0, 0, 0, 0, 0, 0, 0, 0, 0, 6, NA, NA, NA, 0.00244673972
3, 1, 0, 0, 0, 0, 0, 0, 0, 0, 0, 5, NA, NA, NA, 0.00107773059
4, 0, 0, 0, 0, 0, 0, 1, 1, 0, 0, NA, NA, NA, NA, 0.00018059269
3, 0, 0, 0, 0, 0, 0, 0, 0, 0, 0, 9, NA, NA, NA, 0.00231275159
4, 1, 0, 0, 0, 0, 0, 0, 0, 0, 0, NA, NA, 6, NA, 0.00044274338
4, 1, 0, 0, 0, 0, 0, 0, 0, 0, 0, 8, 8, NA, NA, 0.00009320913
2, 0, 0, 0, 0, 0, 0, 0, 0, 1, 0, NA, NA, NA, NA, 0.00092044018
4, 1, 0, 0, 0, 0, 0, 0, 0, 0, 0, NA, 10, NA, NA, 0.00022719726
2, 0, 0, 0, 1, 1, 1, 1, 1, 1, 1, NA, NA, NA, NA, 0.00114181187
5, 1, 0, 0, 0, 0, 0, 0, 0, 0, 0, 2, NA, NA, 2, 0.00006408128
3, 0, 0, 0, 0, 0, 0, 0, 0, 0, 0, NA, NA, NA, 8, 0.00030875525
3, 1, 1, 1, 1, 1, 1, 1, 1, 1, 1, NA, NA, NA, NA, 0.00094374246
3, 0, 0, 1, 1, 1, 1, 1, 1, 1, 1, NA, NA, NA, NA, 0.00100782374
5, 1, 0, 0, 0, 0, 0, 0, 0, 0, 0, 9, NA, NA, NA, 0.00172436895
5, 1, 0, 0, 0, 0, 0, 0, 0, 0, 0, NA, NA, 3, NA, 0.00019806941
4, 0, 0, 0, 0, 0, 1, 1, 0, 0, 0, NA, NA, NA, NA, 0.00011068584
4, 0, 0, 1, 1, 1, 0, 0, 0, 0, 0, NA, NA, NA, NA, 0.00004660457
4, 1, 0, 0, 0, 0, 0, 0, 0, 0, 0, NA, 7, NA, NA, 0.00053012694
3, 0, 0, 1, 1, 0, 0, 0, 0, 0, 0, NA, NA, NA, NA, 0.00013398813
2, 1, 0, 0, 0, 0, 0, 0, 0, 0, 0, NA, NA, 7, NA, 0.00009320913
2, 1, 0, 0, 0, 0, 0, 0, 0, 0, 0, 6, NA, NA, NA, 0.00029127854
2, 0, 0, 0, 1, 0, 0, 0, 0, 0, 0, NA, NA, NA, NA, 0.00029127854
5, 0, 0, 0, 0, 0, 0, 0, 0, 0, 0, 7, NA, 7, NA, 0.00006408128
5, 1, 0, 0, 0, 0, 0, 0, 0, 0, 0, 9, 2, NA, NA, 0.00004660457
5, 0, 0, 0, 0, 0, 0, 0, 0, 0, 0, NA, NA, NA, 2, 0.00008738356
5, 1, 0, 0, 0, 0, 0, 0, 0, 0, 0, NA, 2, NA, NA, 0.00024467397
3, 1, 0, 0, 0, 0, 0, 0, 0, 1, 0, NA, NA, NA, NA, 0.00068741735
3, 0, 0, 0, 0, 0, 0, 0, 0, 0, 0, NA, NA, NA, 2, 0.00046604566
6, 1, 0, 0, 0, 0, 0, 0, 0, 0, 0, 5, NA, NA, NA, 0.00061751050
3, 0, 0, 0, 0, 0, 0, 0, 0, 0, 0, 7, NA, NA, NA, 0.00218458904
2, 0, 0, 0, 1, 1, 1, 1, 1, 0, 1, NA, NA, NA, NA, 0.00006990685
2, 1, 0, 0, 0, 0, 0, 0, 0, 0, 0, 8, NA, NA, NA, 0.00032040639
5, 1, 0, 0, 0, 0, 0, 0, 0, 0, 0, NA, 3, NA, NA, 0.00030875525
3, 0, 0, 0, 1, 0, 1, 1, 1, 1, 1, NA, NA, NA, NA, 0.00003495342
3, 1, 0, 0, 0, 0, 1, 0, 0, 0, 0, NA, NA, NA, NA, 0.00026797625
4, 0, 0, 0, 0, 0, 0, 0, 0, 0, 0, NA, NA, NA, 9, 0.00028545297
4, 1, 0, 0, 0, 0, 0, 1, 1, 0, 0, NA, NA, NA, NA, 0.00011651142
2, 1, 0, 0, 0, 0, 0, 0, 0, 0, 0, NA, NA, 2, NA, 0.00015146484
3, 0, 0, 0, 0, 0, 0, 0, 0, 0, 0, NA, NA, 6, NA, 0.00061751050
6, 0, 0, 0, 0, 0, 0, 0, 0, 0, 0, 4, NA, NA, NA, 0.00044274338
4, 0, 0, 0, 0, 0, 0, 0, 0, 0, 0, 7, NA, NA, 7, 0.00006408128
4, 0, 0, 0, 0, 0, 0, 0, 0, 0, 0, NA, NA, 6, NA, 0.00060003379
2, 1, 1, 1, 1, 1, 0, 0, 0, 0, 0, NA, NA, NA, NA, 0.00005825571
2, 1, 0, 0, 0, 0, 0, 0, 0, 0, 0, NA, NA, 3, NA, 0.00012816256
4, 0, 0, 0, 0, 0, 0, 0, 0, 0, 0, NA, NA, 4, NA, 0.00055925479
3, 0, 0, 0, 1, 1, 0, 0, 0, 0, 0, NA, NA, NA, NA, 0.00014563927
4, 1, 0, 0, 0, 0, 0, 0, 0, 0, 0, 7, NA, NA, NA, 0.00195156620
4, 1, 0, 0, 0, 0, 0, 0, 0, 0, 0, 5, 3, NA, NA, 0.00003495342
4, 0, 0, 0, 0, 0, 1, 1, 1, 0, 0, NA, NA, NA, NA, 0.00009903470
2, 1, 0, 0, 0, 0, 0, 0, 1, 1, 0, NA, NA, NA, NA, 0.00027380183
2, 1, 1, 1, 1, 1, 1, 1, 1, 1, 1, NA, NA, NA, NA, 0.00096121918
2, 0, 0, 0, 0, 0, 0, 0, 0, 0, 0, NA, NA, 9, NA, 0.00030292968
2, 0, 0, 0, 0, 0, 0, 1, 0, 0, 0, NA, NA, NA, NA, 0.00049517351
4, 0, 0, 0, 0, 0, 0, 0, 0, 0, 0, NA, 6, NA, NA, 0.00050099909
4, 1, 0, 0, 0, 0, 0, 0, 0, 0, 0, 5, NA, NA, NA, 0.00173019452
4, 1, 0, 0, 0, 0, 0, 0, 0, 0, 0, 6, NA, NA, NA, 0.00187583378
4, 1, 0, 0, 0, 0, 0, 0, 0, 0, 0, NA, 2, NA, NA, 0.00029127854
3, 0, 0, 0, 1, 1, 1, 1, 1, 1, 1, NA, NA, NA, NA, 0.00116511415
4, 1, 0, 0, 0, 0, 0, 0, 1, 1, 1, NA, NA, NA, NA, 0.00065828950
3, 1, 0, 0, 0, 1, 1, 0, 0, 0, 0, NA, NA, NA, NA, 0.00020972055
2, 1, 0, 0, 0, 0, 0, 0, 0, 1, 0, NA, NA, NA, NA, 0.00044856895
4, 1, 0, 0, 0, 0, 0, 0, 0, 0, 0, NA, 8, NA, NA, 0.00044856895
2, 0, 0, 1, 1, 1, 1, 0, 0, 0, 0, NA, NA, NA, NA, 0.00008155799
2, 0, 0, 0, 0, 0, 0, 0, 0, 0, 0, NA, NA, NA, 3, 0.00020972055
3, 0, 0, 0, 0, 1, 1, 1, 1, 1, 1, NA, NA, NA, NA, 0.00196904292
3, 1, 0, 0, 0, 0, 0, 1, 1, 1, 0, NA, NA, NA, NA, 0.00019224384
3, 0, 0, 0, 0, 0, 0, 0, 0, 1, 0, NA, NA, NA, NA, 0.00099034703
5, 1, 0, 0, 0, 0, 0, 0, 0, 0, 0, 2, 2, NA, NA, 0.00007573242
6, 0, 0, 0, 0, 0, 0, 0, 0, 0, 0, NA, NA, NA, NA, 0.00092044018
4, 0, 0, 0, 1, 0, 0, 0, 0, 0, 0, NA, NA, NA, NA, 0.00015146484
5, 1, 0, 0, 0, 0, 0, 0, 0, 0, 0, 4, NA, 3, NA, 0.00005825571
2, 0, 1, 1, 0, 0, 0, 0, 0, 0, 0, NA, NA, NA, NA, 0.00017476712
4, 1, 0, 0, 0, 0, 0, 0, 0, 1, 1, NA, NA, NA, NA, 0.00117676529
6, 1, 0, 0, 0, 0, 0, 0, 0, 0, 0, 3, NA, NA, NA, 0.00073984749
3, 0, 0, 0, 0, 0, 0, 0, 0, 0, 0, NA, NA, NA, 4, 0.00034370867
2, 0, 0, 0, 0, 0, 1, 0, 0, 0, 0, NA, NA, NA, NA, 0.00043691781
3, 0, 0, 0, 0, 0, 0, 0, 1, 1, 0, NA, NA, NA, NA, 0.00050682466
3, 1, 0, 0, 0, 0, 0, 0, 0, 0, 0, 2, NA, NA, NA, 0.00118259086
4, 0, 1, 1, 0, 0, 0, 0, 0, 0, 0, NA, NA, NA, NA, 0.00013398813
2, 0, 0, 0, 0, 0, 1, 1, 1, 0, 0, NA, NA, NA, NA, 0.00016311598
2, 0, 0, 1, 1, 1, 1, 1, 0, 1, 1, NA, NA, NA, NA, 0.00003495342
6, 1, 0, 0, 0, 0, 0, 0, 0, 0, 0, 7, NA, NA, NA, 0.00045439452
4, 1, 0, 0, 0, 0, 0, 0, 0, 1, 0, NA, NA, NA, NA, 0.00036701096
4, 0, 0, 0, 0, 0, 0, 1, 0, 0, 0, NA, NA, NA, NA, 0.00040778995
5, 1, 0, 0, 0, 0, 0, 0, 0, 0, 0, 3, NA, 2, NA, 0.00003495342
3, 0, 1, 1, 1, 1, 1, 1, 1, 1, 1, NA, NA, NA, NA, 0.00188748493
3, 0, 0, 0, 0, 0, 1, 1, 0, 1, 1, NA, NA, NA, NA, 0.00003495342
3, 0, 0, 0, 0, 0, 0, 0, 0, 0, 0, 5, NA, NA, NA, 0.00226614703
2, 0, 0, 0, 0, 0, 0, 0, 0, 0, 0, NA, NA, 7, NA, 0.00021554612
6, 1, 0, 0, 0, 0, 0, 0, 0, 0, 0, 6, NA, NA, NA, 0.00065246393
5, 1, 0, 0, 0, 0, 0, 0, 0, 0, 0, NA, 9, NA, NA, 0.00044856895
6, 1, 0, 0, 0, 0, 0, 0, 0, 0, 0, NA, 7, NA, NA, 0.00004077900
5, 0, 0, 0, 0, 0, 0, 0, 0, 0, 0, 6, 2, NA, NA, 0.00003495342
4, 0, 0, 0, 0, 0, 0, 0, 0, 0, 0, NA, NA, NA, 6, 0.00028545297
4, 1, 0, 0, 0, 0, 0, 0, 0, 0, 0, 8, NA, NA, NA, 0.00218458904
4, 1, 0, 0, 0, 1, 1, 1, 1, 1, 1, NA, NA, NA, NA, 0.00041361552
2, 0, 0, 0, 1, 1, 0, 0, 0, 0, 0, NA, NA, NA, NA, 0.00016894155
3, 0, 0, 0, 0, 0, 0, 0, 0, 0, 0, NA, NA, 7, NA, 0.00066411507
4, 1, 0, 0, 0, 0, 0, 0, 0, 0, 0, 9, NA, NA, NA, 0.00167193881
4, 1, 0, 0, 0, 0, 0, 0, 0, 0, 0, NA, NA, 7, NA, 0.00044274338
3, 0, 0, 0, 1, 1, 1, 0, 0, 0, 0, NA, NA, NA, NA, 0.00006408128
4, 1, 0, 0, 0, 0, 0, 0, 0, 0, 0, NA, NA, NA, 6, 0.00014563927
6, 1, 0, 0, 0, 0, 0, 0, 0, 0, 0, 8, NA, NA, NA, 0.00056508036
3, 0, 0, 0, 0, 1, 1, 1, 1, 1, 0, NA, NA, NA, NA, 0.00012816256
3, 0, 0, 0, 0, 1, 0, 1, 1, 1, 1, NA, NA, NA, NA, 0.00004660457
4, 0, 0, 0, 0, 0, 0, 0, 0, 0, 0, 6, NA, 6, NA, 0.00008155799
4, 0, 0, 0, 0, 0, 0, 1, 1, 1, 1, NA, NA, NA, NA, 0.00089713790
2, 1, 0, 0, 0, 0, 0, 0, 0, 0, 0, 7, NA, NA, NA, 0.00037866210
3, 0, 0, 0, 0, 0, 0, 0, 0, 0, 0, NA, 3, NA, NA, 0.00012816256
3, 1, 0, 0, 0, 0, 0, 0, 0, 0, 0, NA, NA, 6, NA, 0.00026797625
2, 1, 0, 0, 1, 1, 1, 1, 0, 0, 0, NA, NA, NA, NA, 0.00004660457
2, 0, 0, 0, 0, 0, 0, 0, 0, 0, 0, 6, NA, NA, NA, 0.00082723105
5, 0, 0, 0, 0, 0, 0, 0, 0, 0, 0, 3, 3, NA, NA, 0.00006408128
5, 1, 0, 0, 0, 0, 0, 0, 0, 0, 0, NA, 7, NA, NA, 0.00037866210
4, 1, 0, 0, 0, 0, 0, 0, 0, 0, 0, NA, 4, NA, NA, 0.00033205753
4, 0, 0, 0, 0, 0, 0, 0, 0, 0, 0, 8, NA, 7, NA, 0.00009903470
3, 1, 0, 0, 0, 0, 0, 1, 1, 0, 0, NA, NA, NA, NA, 0.00022719726
3, 1, 0, 0, 0, 0, 0, 0, 0, 0, 0, NA, NA, 2, NA, 0.00028545297
2, 1, 0, 0, 0, 0, 0, 0, 1, 0, 0, NA, NA, NA, NA, 0.00029710411
2, 1, 1, 0, 0, 0, 1, 1, 1, 1, 1, NA, NA, NA, NA, 0.00003495342
3, 0, 0, 0, 0, 0, 0, 0, 0, 0, 0, NA, NA, NA, 6, 0.00032623196
2, 0, 0, 0, 0, 0, 0, 0, 0, 0, 0, 4, NA, NA, NA, 0.00076314977
3, 0, 1, 1, 1, 1, 0, 1, 1, 1, 1, NA, NA, NA, NA, 0.00004077900
4, 0, 0, 0, 0, 0, 0, 0, 0, 0, 0, 8, 8, NA, NA, 0.00005825571
5, 1, 0, 0, 0, 0, 0, 0, 1, 1, 1, NA, NA, NA, NA, 0.00006990685
3, 1, 0, 1, 0, 0, 0, 0, 0, 0, 0, NA, NA, NA, NA, 0.00021554612
5, 0, 0, 0, 0, 0, 0, 0, 0, 0, 0, 8, 4, NA, NA, 0.00004660457
3, 0, 0, 0, 0, 0, 0, 0, 0, 0, 0, NA, NA, 4, NA, 0.00051265023
4, 1, 0, 1, 0, 0, 0, 0, 0, 0, 0, NA, NA, NA, NA, 0.00016894155
5, 0, 0, 0, 0, 0, 0, 0, 0, 0, 0, NA, NA, 3, NA, 0.00015729041
4, 0, 0, 0, 0, 0, 0, 0, 0, 0, 0, NA, NA, 7, NA, 0.00055342922
4, 0, 0, 0, 0, 0, 0, 0, 1, 1, 1, NA, NA, NA, NA, 0.00084470776
2, 1, 0, 0, 0, 1, 1, 1, 0, 0, 0, NA, NA, NA, NA, 0.00008155799
4, 0, 0, 0, 0, 0, 0, 0, 0, 0, 0, NA, NA, NA, 4, 0.00031458082
4, 1, 0, 0, 0, 0, 0, 0, 0, 0, 1, NA, NA, NA, NA, 0.00128162557
3, 0, 0, 0, 0, 0, 0, 0, 0, 0, 0, NA, 2, NA, NA, 0.00011651142
4, 1, 0, 0, 0, 0, 1, 1, 1, 1, 1, NA, NA, NA, NA, 0.00048934794
3, 1, 1, 1, 0, 0, 0, 0, 0, 0, 0, NA, NA, NA, NA, 0.00020389498
5, 1, 0, 0, 0, 0, 0, 0, 0, 0, 0, 7, NA, NA, NA, 0.00176514794
3, 1, 0, 0, 0, 0, 0, 0, 0, 0, 0, NA, NA, 9, NA, 0.00031458082
3, 1, 1, 1, 1, 1, 1, 0, 0, 0, 0, NA, NA, NA, NA, 0.00006990685
4, 1, 0, 0, 0, 0, 0, 0, 0, 0, 0, NA, 9, NA, NA, 0.00053012694
2, 0, 0, 0, 0, 0, 0, 0, 0, 0, 0, NA, NA, NA, 6, 0.00023884840
6, 1, 0, 0, 0, 0, 0, 0, 0, 0, 0, 9, NA, NA, NA, 0.00045439452
3, 0, 0, 0, 0, 0, 0, 0, 0, 0, 0, NA, NA, NA, 3, 0.00025632511
4, 0, 0, 0, 0, 0, 0, 0, 0, 0, 0, NA, 2, NA, NA, 0.00022719726
3, 1, 0, 0, 0, 0, 0, 0, 0, 0, 0, 4, NA, NA, NA, 0.00100782374
4, 1, 0, 1, 1, 1, 1, 1, 1, 1, 1, NA, NA, NA, NA, 0.00023302283
4, 0, 0, 0, 0, 0, 0, 0, 0, 0, 0, NA, NA, 9, NA, 0.00062916164
4, 1, 0, 0, 0, 0, 0, 0, 0, 0, 0, NA, NA, 8, NA, 0.00045439452
5, 1, 0, 0, 0, 0, 0, 0, 0, 0, 0, NA, NA, 2, NA, 0.00016894155
4, 0, 0, 0, 0, 0, 0, 0, 0, 0, 0, NA, NA, 8, NA, 0.00071654520
3, 0, 1, 1, 1, 0, 0, 0, 0, 0, 0, NA, NA, NA, NA, 0.00019224384
6, 0, 0, 0, 0, 0, 0, 0, 0, 0, 0, 5, NA, NA, NA, 0.00029127854
6, 1, 0, 0, 0, 0, 0, 0, 0, 0, 0, 2, NA, NA, NA, 0.00100199817
4, 0, 0, 0, 0, 1, 1, 1, 0, 0, 0, NA, NA, NA, NA, 0.00006990685
2, 1, 0, 0, 1, 0, 0, 0, 0, 0, 0, NA, NA, NA, NA, 0.00019224384
3, 1, 0, 0, 0, 0, 0, 0, 0, 0, 0, NA, NA, NA, 5, 0.00013398813
3, 0, 0, 0, 0, 0, 0, 0, 0, 0, 0, NA, NA, 9, NA, 0.00062333607
4, 0, 0, 0, 0, 0, 0, 0, 0, 0, 0, NA, NA, NA, 5, 0.00033205753
5, 1, 0, 0, 0, 0, 0, 0, 0, 0, 0, 8, 3, NA, NA, 0.00004660457
4, 1, 0, 0, 0, 0, 0, 0, 0, 0, 0, NA, 6, NA, NA, 0.00040196438
2, 1, 0, 0, 0, 0, 0, 1, 0, 0, 0, NA, NA, NA, NA, 0.00043109224
3, 1, 0, 0, 0, 0, 0, 0, 1, 0, 0, NA, NA, NA, NA, 0.00046022009
2, 1, 0, 0, 0, 0, 1, 1, 1, 0, 1, NA, NA, NA, NA, 0.00005825571
5, 0, 0, 0, 0, 0, 0, 0, 0, 0, 0, 9, NA, NA, NA, 0.00181175251
2, 1, 0, 0, 0, 0, 0, 0, 0, 0, 0, 5, NA, NA, NA, 0.00040778995
4, 1, 0, 0, 0, 1, 0, 0, 0, 0, 0, NA, NA, NA, NA, 0.00023302283
4, 0, 0, 0, 0, 0, 0, 0, 0, 0, 0, NA, NA, 5, NA, 0.00057673151
4, 1, 0, 0, 0, 0, 0, 0, 0, 0, 0, NA, NA, 2, NA, 0.00040778995
2, 1, 0, 0, 0, 0, 0, 0, 0, 0, 0, 2, NA, NA, NA, 0.00032623196
5, 1, 0, 0, 0, 0, 0, 0, 0, 0, 0, 6, 5, NA, NA, 0.00009903470
6, 1, 0, 0, 0, 0, 0, 0, 0, 0, 0, NA, 3, NA, NA, 0.00004660457
4, 0, 0, 0, 0, 0, 0, 0, 0, 0, 0, NA, 4, NA, NA, 0.00034370867
3, 0, 0, 0, 1, 0, 0, 0, 0, 0, 0, NA, NA, NA, NA, 0.00032040639
5, 1, 0, 0, 0, 0, 0, 0, 0, 0, 0, NA, NA, 4, NA, 0.00014563927
5, 1, 0, 0, 0, 0, 0, 0, 0, 0, 0, NA, NA, NA, 6, 0.00007573242
4, 0, 0, 1, 1, 1, 1, 1, 1, 1, 1, NA, NA, NA, NA, 0.00039613881
3, 0, 0, 0, 0, 1, 0, 0, 0, 1, 1, NA, NA, NA, NA, 0.00005825571
2, 0, 0, 0, 0, 0, 0, 0, 0, 0, 0, NA, NA, 6, NA, 0.00032623196
2, 0, 0, 0, 0, 0, 0, 0, 0, 0, 0, NA, NA, 3, NA, 0.00025049954
3, 1, 0, 0, 0, 0, 0, 0, 0, 0, 0, NA, NA, NA, 9, 0.00017476712
4, 0, 0, 0, 0, 1, 0, 0, 0, 0, 0, NA, NA, NA, NA, 0.00027380183
4, 0, 0, 0, 0, 0, 0, 0, 0, 0, 0, 4, NA, 4, NA, 0.00006408128
3, 0, 0, 0, 0, 0, 0, 0, 0, 0, 0, NA, 8, NA, NA, 0.00018641826
4, 0, 0, 0, 0, 1, 1, 0, 0, 0, 0, NA, NA, NA, NA, 0.00006408128
3, 0, 1, 1, 1, 1, 1, 1, 1, 1, 0, NA, NA, NA, NA, 0.00012816256
5, 0, 0, 0, 0, 0, 0, 0, 0, 0, 0, NA, NA, 9, NA, 0.00019224384
4, 0, 0, 0, 1, 1, 1, 1, 1, 1, 1, NA, NA, NA, NA, 0.00038448767
4, 0, 0, 0, 0, 0, 0, 0, 0, 0, 0, NA, NA, NA, 3, 0.00026215068
4, 1, 0, 0, 0, 0, 0, 0, 0, 0, 0, NA, 5, NA, NA, 0.00048934794
2, 0, 0, 0, 0, 0, 0, 0, 0, 0, 0, 2, NA, NA, NA, 0.00064663835
2, 1, 0, 0, 0, 0, 0, 0, 0, 0, 0, NA, NA, NA, 8, 0.00011651142
2, 0, 0, 0, 0, 0, 0, 0, 0, 0, 0, 5, NA, NA, NA, 0.00076314977
2, 0, 0, 0, 0, 0, 0, 0, 0, 0, 0, 8, NA, NA, NA, 0.00077480091
2, 1, 0, 0, 0, 0, 0, 0, 0, 0, 0, NA, NA, 5, NA, 0.00014563927
2, 0, 0, 0, 0, 0, 0, 0, 0, 0, 0, NA, NA, NA, 4, 0.00020389498
4, 0, 0, 0, 0, 0, 0, 1, 1, 1, 0, NA, NA, NA, NA, 0.00009903470
4, 1, 0, 0, 0, 0, 0, 0, 0, 0, 0, NA, NA, NA, 4, 0.00016894155
3, 1, 1, 0, 0, 0, 0, 0, 0, 0, 0, NA, NA, NA, NA, 0.00026215068
1, 0, 0, 0, 0, 0, 0, 0, 0, 1, 1, NA, NA, NA, NA, 0.00006408128
2, 0, 0, 0, 0, 0, 0, 0, 0, 0, 0, NA, 4, NA, NA, 0.00003495342
3, 1, 0, 0, 1, 1, 0, 0, 0, 0, 0, NA, NA, NA, NA, 0.00014563927
3, 0, 0, 0, 0, 0, 0, 0, 0, 0, 0, NA, NA, NA, 5, 0.00033205753
3, 0, 0, 0, 0, 0, 0, 1, 0, 1, 1, NA, NA, NA, NA, 0.00004660457
4, 1, 0, 0, 0, 0, 0, 0, 0, 0, 0, 3, 3, NA, NA, 0.00004077900
2, 0, 0, 0, 0, 0, 0, 0, 0, 0, 0, NA, 5, NA, NA, 0.00005243014
2, 1, 1, 1, 1, 1, 1, 0, 0, 0, 0, NA, NA, NA, NA, 0.00009320913
3, 1, 0, 0, 0, 0, 0, 0, 0, 0, 0, NA, 3, NA, NA, 0.00008738356
4, 1, 0, 0, 0, 0, 0, 0, 0, 0, 0, NA, NA, 5, NA, 0.00034370867
4, 1, 0, 0, 0, 0, 1, 0, 0, 0, 0, NA, NA, NA, NA, 0.00025632511
4, 1, 1, 1, 1, 1, 1, 1, 1, 1, 1, NA, NA, NA, NA, 0.00039613881
4, 1, 1, 0, 0, 0, 0, 0, 0, 0, 0, NA, NA, NA, NA, 0.00016311598
4, 0, 1, 1, 1, 1, 1, 1, 0, 0, 0, NA, NA, NA, NA, 0.00003495342
6, 0, 0, 0, 0, 0, 0, 0, 0, 0, 0, 2, NA, NA, NA, 0.00062916164
4, 0, 0, 0, 0, 0, 0, 0, 0, 0, 0, 9, 7, NA, NA, 0.00005825571
3, 1, 0, 0, 0, 0, 0, 0, 0, 0, 0, NA, NA, NA, 2, 0.00012233699
5, 1, 0, 0, 0, 0, 0, 0, 0, 0, 0, NA, 10, NA, NA, 0.00018059269
3, 0, 0, 1, 1, 1, 0, 0, 0, 0, 0, NA, NA, NA, NA, 0.00011651142
3, 1, 0, 0, 0, 0, 1, 0, 0, 0, 1, NA, NA, NA, NA, 0.00004077900
4, 0, 0, 0, 0, 0, 0, 0, 0, 0, 0, 5, NA, 5, NA, 0.00006408128
2, 0, 0, 0, 0, 0, 0, 0, 0, 0, 0, NA, NA, NA, 5, 0.00016311598
2, 1, 1, 1, 0, 1, 1, 1, 1, 1, 1, NA, NA, NA, NA, 0.00003495342
2, 0, 0, 0, 0, 0, 0, 0, 0, 0, 0, NA, 6, NA, NA, 0.00005825571
5, 1, 0, 0, 0, 0, 0, 0, 0, 0, 0, 5, 2, NA, NA, 0.00005243014
4, 0, 0, 0, 0, 0, 0, 0, 0, 0, 0, NA, 7, NA, NA, 0.00071071963
5, 0, 0, 0, 0, 0, 0, 0, 0, 0, 0, 8, 7, NA, NA, 0.00004077900
5, 1, 0, 0, 0, 0, 0, 0, 0, 0, 0, NA, NA, NA, 5, 0.00008738356
3, 0, 0, 0, 0, 0, 0, 1, 0, 0, 0, NA, NA, NA, NA, 0.00073984749
2, 1, 1, 0, 0, 0, 0, 0, 0, 0, 0, NA, NA, NA, NA, 0.00024467397
4, 1, 0, 0, 0, 0, 0, 0, 0, 0, 0, 4, 3, NA, NA, 0.00004660457
3, 0, 0, 0, 0, 1, 1, 0, 0, 0, 0, NA, NA, NA, NA, 0.00027380183
4, 1, 0, 0, 0, 0, 0, 0, 0, 0, 0, NA, NA, NA, 9, 0.00018641826
5, 1, 0, 0, 0, 0, 0, 0, 0, 0, 0, 4, NA, NA, 4, 0.00005825571
4, 0, 0, 0, 0, 0, 0, 0, 0, 0, 0, NA, NA, NA, 8, 0.00028545297
5, 0, 0, 0, 0, 0, 0, 0, 0, 0, 0, 6, 5, NA, NA, 0.00005243014
2, 1, 0, 0, 0, 0, 0, 0, 0, 0, 0, NA, NA, 9, NA, 0.00018059269
3, 0, 0, 0, 0, 0, 1, 1, 0, 0, 1, NA, NA, NA, NA, 0.00003495342
6, 1, 0, 0, 0, 0, 0, 0, 0, 0, 0, 3, 3, NA, NA, 0.00004077900
4, 0, 0, 0, 0, 0, 0, 0, 0, 0, 0, 9, 8, NA, NA, 0.00003495342
2, 1, 0, 0, 1, 1, 0, 0, 0, 0, 0, NA, NA, NA, NA, 0.00011068584
2, 0, 1, 1, 1, 1, 0, 0, 0, 0, 0, NA, NA, NA, NA, 0.00012233699
5, 1, 0, 0, 0, 0, 0, 0, 0, 0, 0, NA, NA, 9, NA, 0.00020389498
5, 1, 0, 0, 0, 0, 0, 0, 0, 0, 0, NA, NA, 8, NA, 0.00019224384
2, 0, 0, 1, 1, 1, 1, 1, 1, 1, 0, NA, NA, NA, NA, 0.00008155799
3, 1, 0, 0, 0, 0, 1, 1, 1, 1, 0, NA, NA, NA, NA, 0.00011651142
6, 0, 0, 0, 0, 0, 0, 0, 0, 0, 0, 8, NA, NA, NA, 0.00027380183
2, 1, 0, 0, 0, 1, 0, 0, 0, 0, 0, NA, NA, NA, NA, 0.00027962740
2, 0, 0, 0, 0, 0, 0, 0, 1, 0, 0, NA, NA, NA, NA, 0.00063498721
6, 0, 0, 0, 0, 0, 0, 0, 0, 0, 0, 6, NA, NA, NA, 0.00032040639
2, 1, 0, 0, 1, 1, 1, 1, 1, 0, 0, NA, NA, NA, NA, 0.00005243014
5, 1, 0, 0, 0, 0, 0, 0, 0, 0, 0, NA, 4, NA, NA, 0.00034370867
2, 1, 0, 0, 0, 0, 0, 0, 0, 0, 0, 9, NA, NA, NA, 0.00030875525
5, 0, 0, 0, 0, 0, 0, 0, 0, 0, 1, NA, NA, NA, NA, 0.00020389498
2, 0, 0, 0, 0, 0, 0, 0, 0, 0, 0, NA, NA, 4, NA, 0.00026215068
4, 0, 1, 1, 1, 1, 1, 1, 1, 1, 1, NA, NA, NA, NA, 0.00066994064
4, 1, 0, 0, 0, 0, 0, 0, 0, 0, 0, 5, NA, 5, NA, 0.00004077900
5, 1, 0, 0, 0, 0, 0, 0, 0, 0, 0, 7, 4, NA, NA, 0.00003495342
3, 0, 1, 0, 0, 0, 0, 0, 0, 0, 0, NA, NA, NA, NA, 0.00027962740
4, 1, 0, 0, 0, 0, 0, 0, 0, 0, 0, 9, NA, 9, NA, 0.00006408128
4, 0, 0, 1, 0, 0, 0, 0, 0, 0, 0, NA, NA, NA, NA, 0.00017476712
3, 1, 0, 0, 1, 1, 1, 1, 0, 0, 0, NA, NA, NA, NA, 0.00005243014
3, 0, 0, 1, 0, 0, 0, 0, 0, 0, 0, NA, NA, NA, NA, 0.00023302283
5, 1, 0, 0, 0, 0, 0, 0, 0, 0, 0, NA, NA, 6, NA, 0.00018641826
3, 0, 0, 0, 0, 0, 1, 1, 1, 0, 0, NA, NA, NA, NA, 0.00018059269
3, 1, 0, 0, 0, 0, 0, 0, 0, 0, 0, NA, NA, 3, NA, 0.00025049954
3, 1, 0, 0, 0, 0, 1, 1, 1, 0, 0, NA, NA, NA, NA, 0.00011068584
3, 1, 0, 0, 0, 0, 0, 0, 0, 0, 0, NA, 7, NA, NA, 0.00011068584
3, 0, 0, 0, 0, 0, 0, 0, 0, 0, 0, NA, 6, NA, NA, 0.00019224384
4, 0, 0, 0, 0, 0, 0, 0, 0, 0, 0, 7, NA, 3, NA, 0.00004077900
2, 1, 0, 0, 0, 0, 0, 0, 0, 0, 0, NA, NA, 8, NA, 0.00015729041
4, 0, 0, 0, 0, 0, 0, 0, 0, 0, 0, 8, NA, NA, 4, 0.00004077900
4, 0, 0, 0, 0, 0, 0, 0, 0, 0, 0, NA, 5, NA, NA, 0.00036701096
4, 1, 0, 0, 0, 0, 0, 0, 1, 0, 0, NA, NA, NA, NA, 0.00030292968
2, 1, 0, 0, 0, 0, 1, 1, 0, 0, 0, NA, NA, NA, NA, 0.00013981370
4, 1, 0, 0, 0, 0, 0, 0, 0, 0, 0, NA, NA, 3, NA, 0.00039613881
5, 0, 0, 0, 0, 0, 0, 0, 0, 0, 0, NA, NA, 5, NA, 0.00015729041
5, 1, 0, 0, 0, 0, 0, 0, 0, 0, 0, 9, 5, NA, NA, 0.00005825571
5, 0, 0, 0, 0, 0, 0, 0, 0, 0, 0, 5, 5, NA, NA, 0.00009903470
2, 0, 0, 0, 0, 1, 1, 1, 1, 0, 0, NA, NA, NA, NA, 0.00011068584
5, 1, 0, 0, 0, 0, 0, 0, 0, 0, 0, 4, 2, NA, NA, 0.00005243014
5, 0, 0, 0, 0, 0, 0, 0, 0, 0, 0, NA, 2, NA, NA, 0.00015729041
2, 1, 0, 0, 0, 0, 0, 0, 0, 0, 0, NA, NA, NA, 5, 0.00006408128
4, 0, 0, 0, 0, 0, 0, 0, 0, 0, 0, 2, NA, NA, 2, 0.00006408128
5, 0, 0, 0, 0, 0, 0, 0, 0, 0, 0, 9, 7, NA, NA, 0.00004077900
3, 0, 0, 0, 0, 0, 1, 1, 0, 0, 0, NA, NA, NA, NA, 0.00028545297
2, 1, 0, 0, 0, 1, 1, 0, 0, 0, 0, NA, NA, NA, NA, 0.00020972055
2, 0, 0, 0, 1, 1, 1, 1, 1, 1, 0, NA, NA, NA, NA, 0.00008738356
4, 1, 0, 0, 0, 0, 0, 0, 1, 0, 1, NA, NA, NA, NA, 0.00005243014
3, 1, 0, 0, 0, 0, 0, 0, 0, 0, 0, NA, NA, 5, NA, 0.00020972055
3, 0, 0, 0, 0, 0, 0, 1, 0, 0, 1, NA, NA, NA, NA, 0.00005825571
2, 1, 0, 0, 0, 1, 1, 1, 1, 1, 0, NA, NA, NA, NA, 0.00015146484
2, 0, 0, 0, 0, 0, 1, 1, 1, 1, 0, NA, NA, NA, NA, 0.00022719726
3, 0, 1, 1, 1, 1, 1, 0, 0, 0, 0, NA, NA, NA, NA, 0.00014563927
2, 0, 0, 0, 0, 1, 0, 0, 0, 0, 0, NA, NA, NA, NA, 0.00037283653
4, 0, 0, 0, 0, 0, 0, 0, 0, 0, 0, 9, NA, 8, NA, 0.00004660457
5, 0, 0, 0, 0, 0, 0, 0, 0, 0, 0, 7, NA, 4, NA, 0.00003495342
3, 0, 0, 0, 1, 1, 1, 1, 0, 0, 0, NA, NA, NA, NA, 0.00006408128
5, 1, 0, 0, 0, 0, 0, 0, 0, 0, 0, 8, 5, NA, NA, 0.00005243014
2, 1, 0, 1, 1, 0, 0, 0, 0, 0, 0, NA, NA, NA, NA, 0.00011068584
4, 0, 0, 0, 0, 0, 0, 0, 0, 0, 0, 9, 2, NA, NA, 0.00003495342
2, 1, 1, 1, 1, 0, 0, 0, 0, 0, 0, NA, NA, NA, NA, 0.00012816256
5, 0, 0, 0, 0, 0, 0, 0, 0, 0, 0, NA, 8, NA, NA, 0.00023884840
4, 1, 0, 0, 1, 1, 1, 1, 1, 1, 1, NA, NA, NA, NA, 0.00030292968
5, 0, 0, 0, 0, 0, 0, 0, 0, 0, 0, 8, 6, NA, NA, 0.00006408128
2, 0, 0, 0, 0, 1, 0, 1, 0, 0, 0, NA, NA, NA, NA, 0.00003495342
2, 0, 1, 1, 1, 1, 1, 1, 1, 1, 0, NA, NA, NA, NA, 0.00014563927
5, 1, 0, 0, 0, 0, 0, 0, 0, 0, 0, 8, 4, NA, NA, 0.00004077900
3, 0, 0, 0, 0, 0, 0, 1, 1, 0, 1, NA, NA, NA, NA, 0.00005243014
5, 1, 0, 0, 0, 0, 0, 0, 0, 0, 0, 7, 5, NA, NA, 0.00005243014
5, 1, 0, 0, 0, 1, 0, 0, 0, 0, 0, NA, NA, NA, NA, 0.00003495342
2, 1, 0, 0, 0, 0, 0, 0, 0, 0, 0, NA, NA, NA, 2, 0.00008155799
2, 0, 0, 0, 0, 0, 0, 0, 0, 0, 0, NA, NA, 8, NA, 0.00032623196
5, 0, 0, 0, 0, 0, 0, 0, 0, 0, 0, NA, 6, NA, NA, 0.00023302283
4, 0, 0, 0, 0, 0, 0, 0, 0, 0, 0, 6, 3, NA, NA, 0.00004077900
4, 0, 0, 0, 0, 0, 0, 0, 0, 0, 0, 8, NA, NA, 7, 0.00005243014
4, 0, 1, 0, 0, 0, 0, 0, 0, 0, 0, NA, NA, NA, NA, 0.00015729041
5, 1, 0, 0, 0, 0, 0, 0, 0, 0, 0, NA, NA, NA, 4, 0.00006990685
3, 0, 0, 0, 0, 0, 0, 0, 0, 0, 0, NA, NA, 2, NA, 0.00050099909
3, 0, 0, 0, 0, 1, 0, 0, 0, 0, 0, NA, NA, NA, NA, 0.00050682466
2, 0, 1, 0, 0, 0, 0, 0, 0, 0, 0, NA, NA, NA, NA, 0.00027962740
5, 0, 0, 0, 0, 0, 0, 0, 0, 0, 0, 6, 4, NA, NA, 0.00006408128
5, 0, 0, 0, 0, 0, 0, 0, 0, 0, 0, 7, NA, NA, 7, 0.00004077900
2, 0, 1, 1, 1, 1, 1, 0, 0, 0, 0, NA, NA, NA, NA, 0.00009320913
4, 0, 0, 0, 0, 0, 0, 0, 0, 0, 0, 9, 9, NA, NA, 0.00008155799
5, 0, 0, 0, 0, 0, 0, 0, 0, 0, 0, NA, 3, NA, NA, 0.00017476712
2, 0, 0, 0, 0, 0, 0, 0, 0, 0, 0, NA, 8, NA, NA, 0.00005243014
3, 0, 0, 1, 1, 1, 1, 0, 0, 0, 0, NA, NA, NA, NA, 0.00010486027
4, 0, 1, 1, 1, 1, 1, 1, 1, 1, 0, NA, NA, NA, NA, 0.00005243014
2, 1, 0, 1, 1, 1, 1, 1, 0, 0, 0, NA, NA, NA, NA, 0.00003495342
2, 0, 1, 1, 0, 1, 1, 1, 1, 1, 1, NA, NA, NA, NA, 0.00004077900
4, 1, 0, 0, 0, 0, 0, 0, 1, 1, 0, NA, NA, NA, NA, 0.00015729041
4, 1, 1, 1, 0, 0, 0, 0, 0, 0, 0, NA, NA, NA, NA, 0.00009903470
4, 0, 1, 1, 1, 0, 0, 0, 0, 0, 0, NA, NA, NA, NA, 0.00003495342
2, 0, 1, 1, 1, 1, 1, 1, 0, 0, 0, NA, NA, NA, NA, 0.00008155799
2, 1, 0, 0, 0, 0, 0, 0, 0, 0, 0, NA, NA, NA, 7, 0.00006408128
3, 1, 1, 1, 1, 0, 0, 0, 0, 0, 0, NA, NA, NA, NA, 0.00012233699
5, 1, 0, 0, 0, 0, 0, 0, 0, 0, 0, 7, 7, NA, NA, 0.00009320913
4, 0, 0, 0, 0, 0, 0, 0, 0, 0, 0, 4, NA, NA, 4, 0.00005243014
3, 1, 0, 1, 1, 0, 0, 0, 0, 0, 0, NA, NA, NA, NA, 0.00011651142
5, 0, 0, 0, 0, 0, 0, 0, 0, 0, 0, 4, NA, NA, 4, 0.00008738356
4, 1, 0, 0, 0, 0, 0, 0, 0, 0, 0, NA, 3, NA, NA, 0.00024467397
4, 1, 0, 0, 1, 0, 0, 0, 0, 0, 0, NA, NA, NA, NA, 0.00013981370
3, 1, 0, 0, 1, 1, 1, 0, 0, 0, 0, NA, NA, NA, NA, 0.00004660457
5, 1, 0, 0, 0, 0, 0, 0, 0, 0, 0, 7, 6, NA, NA, 0.00004077900
2, 1, 0, 0, 1, 1, 1, 1, 1, 1, 1, NA, NA, NA, NA, 0.00056508036
5, 1, 0, 0, 0, 0, 0, 0, 1, 0, 0, NA, NA, NA, NA, 0.00004660457
2, 0, 0, 1, 1, 1, 0, 0, 0, 0, 0, NA, NA, NA, NA, 0.00007573242
2, 0, 1, 1, 1, 1, 1, 1, 1, 0, 0, NA, NA, NA, NA, 0.00012233699
2, 1, 1, 1, 1, 1, 1, 1, 1, 1, 0, NA, NA, NA, NA, 0.00005825571
4, 1, 0, 0, 0, 0, 0, 0, 0, 0, 0, NA, NA, NA, 8, 0.00015146484
4, 0, 0, 0, 0, 0, 0, 0, 0, 0, 0, 6, NA, 5, NA, 0.00006408128
2, 0, 1, 1, 1, 0, 0, 0, 0, 0, 0, NA, NA, NA, NA, 0.00012233699
5, 0, 0, 0, 0, 0, 0, 0, 0, 0, 0, NA, NA, NA, 3, 0.00009903470
3, 0, 0, 0, 0, 0, 0, 0, 0, 0, 0, 4, NA, NA, 4, 0.00004660457
4, 0, 1, 1, 1, 1, 1, 1, 1, 0, 0, NA, NA, NA, NA, 0.00003495342
4, 1, 0, 0, 0, 0, 0, 0, 0, 0, 0, 4, 4, NA, NA, 0.00003495342
2, 1, 0, 0, 0, 0, 0, 0, 0, 0, 0, NA, NA, 4, NA, 0.00015729041
2, 0, 0, 0, 0, 0, 1, 0, 1, 1, 1, NA, NA, NA, NA, 0.00004077900
2, 0, 0, 0, 0, 1, 1, 0, 0, 0, 0, NA, NA, NA, NA, 0.00016311598
2, 0, 0, 1, 1, 0, 0, 0, 0, 0, 0, NA, NA, NA, NA, 0.00009320913
4, 1, 0, 0, 0, 0, 0, 0, 0, 0, 0, NA, NA, 9, NA, 0.00045439452
3, 1, 0, 0, 0, 0, 0, 0, 0, 0, 0, NA, NA, NA, 6, 0.00006990685
2, 1, 0, 1, 0, 0, 0, 0, 0, 0, 0, NA, NA, NA, NA, 0.00022719726
5, 1, 0, 0, 0, 0, 0, 0, 0, 0, 0, NA, NA, 5, NA, 0.00014563927
5, 0, 0, 0, 0, 0, 0, 0, 0, 0, 0, 3, 2, NA, NA, 0.00006990685
4, 0, 0, 0, 0, 0, 0, 0, 0, 0, 0, 7, 5, NA, NA, 0.00004660457
6, 1, 0, 0, 0, 0, 0, 0, 0, 0, 0, NA, NA, 8, NA, 0.00003495342
2, 0, 0, 1, 1, 1, 1, 1, 0, 0, 0, NA, NA, NA, NA, 0.00005825571
3, 0, 0, 0, 0, 0, 0, 1, 1, 0, 0, NA, NA, NA, NA, 0.00049517351
5, 0, 0, 0, 0, 0, 0, 0, 0, 0, 0, 4, 4, NA, NA, 0.00006408128
5, 0, 0, 0, 0, 0, 0, 0, 0, 0, 0, NA, NA, 8, NA, 0.00015729041
5, 0, 0, 0, 0, 0, 0, 0, 0, 0, 0, NA, NA, NA, 7, 0.00011068584
5, 0, 0, 0, 0, 0, 0, 0, 0, 0, 0, 2, NA, NA, 2, 0.00004077900
4, 1, 0, 0, 0, 0, 0, 0, 0, 0, 0, 5, NA, 4, NA, 0.00004660457
2, 0, 0, 0, 1, 1, 1, 1, 0, 0, 0, NA, NA, NA, NA, 0.00005825571
2, 0, 0, 0, 0, 0, 1, 1, 0, 1, 1, NA, NA, NA, NA, 0.00004077900
5, 1, 0, 0, 0, 0, 0, 0, 0, 0, 0, NA, NA, NA, 3, 0.00006990685
5, 0, 0, 0, 0, 0, 0, 0, 0, 0, 0, NA, NA, 6, NA, 0.00016311598
4, 1, 0, 0, 0, 0, 0, 0, 0, 0, 0, 9, NA, NA, 9, 0.00003495342
2, 1, 0, 0, 0, 0, 1, 1, 1, 1, 0, NA, NA, NA, NA, 0.00011068584
5, 1, 0, 0, 0, 0, 0, 0, 0, 0, 1, NA, NA, NA, NA, 0.00015146484
5, 0, 0, 0, 0, 0, 0, 0, 0, 0, 0, NA, 7, NA, NA, 0.00023884840
2, 1, 0, 0, 0, 0, 0, 0, 0, 0, 0, NA, NA, NA, 4, 0.00004660457
3, 0, 0, 0, 0, 1, 0, 0, 0, 0, 1, NA, NA, NA, NA, 0.00004660457
2, 0, 0, 0, 1, 1, 1, 1, 1, 0, 0, NA, NA, NA, NA, 0.00008155799
2, 0, 0, 0, 0, 0, 0, 1, 1, 0, 1, NA, NA, NA, NA, 0.00009320913
5, 0, 0, 0, 0, 0, 0, 0, 0, 0, 0, 8, NA, NA, 8, 0.00003495342
3, 1, 0, 0, 0, 1, 1, 1, 1, 1, 0, NA, NA, NA, NA, 0.00013981370
3, 0, 0, 0, 0, 0, 0, 0, 1, 0, 1, NA, NA, NA, NA, 0.00011068584
5, 1, 0, 0, 0, 0, 0, 0, 0, 0, 0, 6, NA, 6, NA, 0.00006408128
5, 0, 0, 0, 0, 0, 0, 0, 0, 0, 0, NA, NA, 2, NA, 0.00017476712
4, 0, 0, 0, 0, 0, 0, 0, 0, 0, 0, 4, NA, 3, NA, 0.00003495342
3, 1, 0, 0, 0, 0, 0, 0, 0, 0, 0, NA, NA, NA, 4, 0.00015146484
2, 0, 0, 1, 1, 1, 1, 0, 1, 1, 1, NA, NA, NA, NA, 0.00003495342
3, 1, 1, 1, 1, 1, 1, 1, 0, 0, 0, NA, NA, NA, NA, 0.00006408128
3, 0, 0, 0, 0, 0, 0, 0, 0, 0, 0, 6, NA, 6, NA, 0.00008738356
3, 0, 0, 0, 0, 1, 1, 1, 1, 0, 0, NA, NA, NA, NA, 0.00013981370
3, 1, 0, 0, 0, 0, 0, 0, 0, 0, 0, 5, NA, 5, NA, 0.00003495342
4, 1, 0, 0, 0, 1, 1, 1, 1, 1, 0, NA, NA, NA, NA, 0.00004077900
2, 1, 0, 0, 0, 0, 0, 0, 0, 0, 0, NA, NA, NA, 3, 0.00005243014
5, 0, 0, 0, 0, 0, 0, 0, 0, 0, 0, NA, NA, 7, NA, 0.00016894155
2, 1, 0, 0, 0, 0, 1, 1, 1, 0, 0, NA, NA, NA, NA, 0.00010486027
2, 0, 0, 0, 0, 0, 0, 0, 0, 0, 0, 2, NA, NA, 2, 0.00004077900
4, 0, 0, 0, 0, 0, 0, 0, 0, 0, 0, NA, 10, NA, NA, 0.00029127854
3, 1, 0, 1, 1, 1, 1, 1, 1, 1, 0, NA, NA, NA, NA, 0.00007573242
5, 1, 0, 0, 0, 0, 0, 0, 0, 0, 0, 9, NA, 8, NA, 0.00003495342
5, 0, 0, 0, 0, 0, 0, 0, 0, 0, 0, NA, NA, NA, 6, 0.00010486027
3, 1, 1, 1, 1, 1, 0, 0, 0, 0, 0, NA, NA, NA, NA, 0.00007573242
4, 1, 0, 0, 0, 0, 1, 1, 1, 0, 0, NA, NA, NA, NA, 0.00005825571
5, 1, 0, 0, 0, 0, 0, 0, 0, 0, 0, 8, NA, NA, 8, 0.00004660457
5, 1, 0, 0, 0, 0, 0, 0, 0, 0, 0, 6, 4, NA, NA, 0.00005825571
3, 1, 0, 0, 0, 0, 0, 0, 1, 0, 1, NA, NA, NA, NA, 0.00005825571
2, 0, 0, 0, 0, 0, 0, 0, 0, 0, 0, NA, NA, NA, 2, 0.00020972055
5, 0, 0, 0, 0, 0, 0, 0, 0, 0, 0, NA, 10, NA, NA, 0.00015729041
4, 1, 0, 0, 0, 0, 0, 0, 0, 0, 0, 7, 5, NA, NA, 0.00004077900
2, 0, 0, 1, 0, 0, 0, 0, 0, 0, 1, NA, NA, NA, NA, 0.00003495342
2, 0, 0, 0, 1, 1, 1, 0, 0, 0, 0, NA, NA, NA, NA, 0.00006990685
2, 0, 0, 0, 0, 0, 0, 0, 1, 0, 1, NA, NA, NA, NA, 0.00012233699
3, 0, 0, 0, 0, 0, 0, 0, 0, 0, 0, 7, NA, 5, NA, 0.00003495342
2, 1, 0, 0, 0, 0, 0, 1, 1, 0, 1, NA, NA, NA, NA, 0.00005825571
4, 1, 0, 0, 0, 0, 0, 0, 0, 0, 0, NA, NA, NA, 5, 0.00012816256
4, 0, 0, 0, 0, 0, 0, 0, 0, 0, 0, 8, NA, 5, NA, 0.00004660457
5, 1, 0, 0, 0, 0, 0, 0, 0, 0, 0, NA, 6, NA, NA, 0.00029710411
4, 1, 0, 1, 1, 1, 1, 0, 0, 0, 0, NA, NA, NA, NA, 0.00003495342
2, 0, 1, 1, 1, 1, 1, 1, 0, 1, 1, NA, NA, NA, NA, 0.00004660457
5, 0, 0, 0, 0, 0, 0, 0, 0, 0, 0, 6, NA, NA, 6, 0.00004660457
3, 0, 1, 1, 0, 1, 1, 1, 1, 1, 1, NA, NA, NA, NA, 0.00004077900
5, 0, 0, 0, 0, 0, 0, 0, 0, 0, 0, NA, 5, NA, NA, 0.00020389498
4, 0, 0, 0, 0, 0, 0, 0, 0, 0, 0, 3, NA, 3, NA, 0.00005825571
4, 1, 1, 1, 1, 0, 0, 0, 0, 0, 0, NA, NA, NA, NA, 0.00008155799
2, 0, 0, 0, 0, 1, 1, 1, 1, 1, 0, NA, NA, NA, NA, 0.00013398813
4, 0, 0, 0, 0, 0, 0, 0, 0, 0, 0, 8, 4, NA, NA, 0.00004077900
5, 1, 0, 0, 0, 0, 0, 0, 0, 0, 0, 4, NA, 4, NA, 0.00008155799
3, 1, 0, 0, 0, 0, 0, 0, 0, 0, 0, NA, 2, NA, NA, 0.00007573242
6, 1, 0, 0, 0, 0, 0, 0, 0, 0, 0, 2, 2, NA, NA, 0.00004077900
3, 1, 0, 0, 1, 1, 1, 1, 1, 1, 0, NA, NA, NA, NA, 0.00005243014
2, 0, 0, 0, 0, 1, 0, 0, 1, 1, 1, NA, NA, NA, NA, 0.00003495342
2, 1, 1, 1, 0, 0, 0, 0, 0, 0, 0, NA, NA, NA, NA, 0.00017476712
3, 1, 0, 0, 0, 0, 0, 0, 0, 0, 0, NA, 10, NA, NA, 0.00010486027
3, 0, 0, 0, 0, 1, 1, 1, 0, 0, 0, NA, NA, NA, NA, 0.00017476712
2, 1, 0, 1, 1, 1, 1, 0, 0, 0, 0, NA, NA, NA, NA, 0.00004660457
5, 1, 0, 0, 0, 0, 0, 0, 0, 1, 1, NA, NA, NA, NA, 0.00012816256
4, 0, 0, 0, 0, 0, 0, 0, 0, 0, 0, 9, NA, 9, NA, 0.00005243014
2, 0, 0, 0, 0, 1, 1, 1, 0, 0, 0, NA, NA, NA, NA, 0.00014563927
5, 0, 0, 0, 0, 0, 0, 0, 0, 0, 0, 3, NA, NA, 3, 0.00008155799
2, 0, 0, 0, 0, 0, 1, 1, 0, 0, 0, NA, NA, NA, NA, 0.00023884840
2, 1, 0, 0, 0, 0, 0, 0, 0, 0, 0, NA, NA, NA, 9, 0.00011068584
5, 0, 0, 0, 0, 0, 0, 0, 0, 0, 0, 6, NA, 3, NA, 0.00004077900
5, 0, 0, 0, 0, 0, 0, 0, 0, 1, 0, NA, NA, NA, NA, 0.00007573242
4, 1, 0, 0, 0, 0, 0, 0, 0, 0, 0, 6, 6, NA, NA, 0.00003495342
2, 0, 0, 0, 0, 0, 0, 1, 1, 0, 0, NA, NA, NA, NA, 0.00031458082
5, 0, 0, 0, 0, 0, 0, 0, 0, 0, 0, 2, 2, NA, NA, 0.00009320913
4, 0, 0, 0, 0, 0, 0, 0, 0, 0, 0, 3, NA, 2, NA, 0.00004660457
4, 0, 0, 0, 0, 0, 0, 0, 0, 1, 1, NA, NA, 8, NA, 0.00003495342
3, 0, 0, 0, 0, 0, 0, 0, 0, 0, 0, 7, NA, NA, 6, 0.00003495342
3, 1, 0, 0, 0, 0, 0, 0, 0, 0, 0, NA, NA, NA, 3, 0.00009903470
3, 1, 1, 1, 1, 1, 1, 1, 1, 0, 0, NA, NA, NA, NA, 0.00005243014
5, 1, 0, 0, 0, 0, 0, 0, 0, 0, 0, 9, NA, NA, 9, 0.00005243014
5, 1, 0, 0, 0, 0, 0, 0, 0, 0, 0, 8, NA, 7, NA, 0.00004660457
4, 1, 0, 0, 0, 0, 0, 0, 0, 0, 0, 3, NA, 3, NA, 0.00005243014
3, 0, 0, 0, 1, 1, 1, 1, 1, 0, 1, NA, NA, NA, NA, 0.00004077900
4, 0, 0, 0, 0, 0, 0, 0, 1, 1, 0, NA, NA, NA, NA, 0.00023302283
3, 0, 0, 0, 0, 0, 1, 0, 0, 1, 1, NA, NA, NA, NA, 0.00004660457
3, 0, 0, 1, 0, 1, 1, 1, 1, 1, 1, NA, NA, NA, NA, 0.00004077900
3, 1, 0, 0, 0, 0, 0, 0, 0, 0, 0, NA, 5, NA, NA, 0.00008155799
2, 1, 0, 1, 1, 0, 1, 1, 1, 1, 1, NA, NA, NA, NA, 0.00004660457
4, 0, 0, 0, 0, 0, 0, 0, 0, 0, 0, NA, 3, NA, NA, 0.00034953425
4, 0, 0, 0, 0, 0, 0, 0, 0, 0, 0, 8, NA, NA, 8, 0.00003495342
2, 0, 0, 0, 0, 0, 0, 0, 0, 0, 0, NA, NA, 2, NA, 0.00014563927
3, 0, 0, 0, 0, 1, 1, 1, 0, 1, 1, NA, NA, NA, NA, 0.00006990685
3, 1, 0, 0, 0, 0, 0, 0, 0, 0, 0, NA, 9, NA, NA, 0.00011068584
3, 1, 0, 0, 0, 0, 0, 0, 0, 0, 0, NA, 8, NA, NA, 0.00012233699
2, 0, 0, 0, 0, 1, 0, 0, 0, 0, 1, NA, NA, NA, NA, 0.00004077900
3, 0, 0, 0, 0, 0, 0, 0, 0, 0, 0, 7, NA, 6, NA, 0.00005243014
5, 0, 0, 0, 0, 0, 0, 0, 0, 0, 0, NA, 4, NA, NA, 0.00019224384
4, 1, 0, 0, 0, 0, 0, 0, 0, 0, 0, 9, NA, 8, NA, 0.00004077900
5, 0, 0, 0, 0, 0, 0, 0, 0, 0, 0, 5, 4, NA, NA, 0.00005825571
2, 0, 0, 0, 0, 0, 0, 0, 0, 0, 0, NA, 3, NA, NA, 0.00003495342
5, 1, 0, 0, 0, 0, 0, 0, 0, 0, 0, 9, 8, NA, NA, 0.00004660457
3, 1, 0, 0, 0, 0, 0, 0, 0, 0, 0, 9, NA, 8, NA, 0.00004077900
2, 1, 0, 0, 0, 0, 0, 0, 0, 0, 0, NA, NA, NA, 6, 0.00006408128
2, 1, 0, 0, 0, 0, 0, 1, 0, 1, 1, NA, NA, NA, NA, 0.00004660457
2, 0, 1, 1, 1, 0, 1, 1, 1, 1, 1, NA, NA, NA, NA, 0.00006990685
3, 0, 0, 0, 0, 0, 0, 0, 0, 0, 0, 3, NA, 3, NA, 0.00008738356
3, 0, 0, 0, 0, 0, 0, 0, 0, 0, 0, NA, 10, NA, NA, 0.00012233699
4, 0, 0, 0, 0, 0, 0, 0, 0, 0, 0, 8, 7, NA, NA, 0.00003495342
5, 0, 0, 0, 0, 0, 0, 1, 0, 0, 0, NA, NA, NA, NA, 0.00004660457
3, 1, 0, 0, 0, 0, 1, 1, 0, 1, 1, NA, NA, NA, NA, 0.00003495342
5, 1, 0, 0, 0, 0, 0, 0, 0, 0, 0, 2, NA, 2, NA, 0.00005825571
5, 1, 0, 0, 0, 0, 0, 0, 0, 0, 0, 6, 6, NA, NA, 0.00007573242
5, 0, 0, 0, 0, 0, 0, 0, 0, 0, 0, 2, NA, 2, NA, 0.00006990685
6, 1, 0, 0, 0, 0, 0, 0, 0, 0, 0, 2, NA, 2, NA, 0.00003495342
5, 1, 0, 0, 0, 0, 0, 0, 0, 0, 0, NA, NA, NA, 9, 0.00006408128
3, 1, 0, 0, 0, 0, 0, 0, 0, 0, 0, NA, NA, NA, 7, 0.00013981370
5, 1, 0, 0, 0, 0, 0, 0, 0, 0, 0, 9, 3, NA, NA, 0.00003495342
3, 0, 1, 1, 1, 1, 0, 0, 0, 0, 0, NA, NA, NA, NA, 0.00008155799
5, 1, 0, 0, 0, 0, 0, 0, 0, 0, 0, NA, NA, NA, 7, 0.00008155799
3, 0, 0, 0, 0, 0, 0, 0, 0, 0, 0, 4, NA, 4, NA, 0.00004660457
5, 1, 0, 0, 0, 0, 0, 0, 0, 0, 0, 8, 6, NA, NA, 0.00004660457
4, 0, 0, 1, 1, 1, 1, 1, 1, 1, 0, NA, NA, NA, NA, 0.00003495342
3, 1, 0, 0, 0, 1, 1, 1, 0, 0, 0, NA, NA, NA, NA, 0.00006408128
3, 1, 0, 0, 0, 0, 1, 1, 0, 0, 0, NA, NA, NA, NA, 0.00016894155
4, 0, 0, 0, 0, 0, 0, 0, 0, 0, 0, 7, NA, 7, NA, 0.00009903470
3, 1, 0, 0, 0, 0, 1, 1, 1, 0, 1, NA, NA, NA, NA, 0.00003495342
4, 1, 1, 1, 1, 1, 1, 0, 0, 0, 0, NA, NA, NA, NA, 0.00004077900
4, 1, 1, 1, 1, 1, 0, 0, 0, 0, 0, NA, NA, NA, NA, 0.00003495342
4, 0, 0, 0, 0, 0, 0, 0, 0, 0, 0, 7, 7, NA, NA, 0.00004660457
4, 0, 0, 0, 0, 1, 1, 1, 1, 1, 0, NA, NA, NA, NA, 0.00008155799
4, 0, 0, 0, 0, 0, 0, 0, 0, 0, 0, 3, 3, NA, NA, 0.00004077900
4, 1, 0, 0, 0, 1, 1, 0, 0, 0, 0, NA, NA, NA, NA, 0.00011068584
3, 0, 0, 1, 1, 1, 1, 1, 0, 0, 0, NA, NA, NA, NA, 0.00004077900
4, 1, 0, 0, 1, 1, 0, 0, 0, 0, 0, NA, NA, NA, NA, 0.00005825571
5, 0, 0, 0, 0, 0, 0, 0, 0, 0, 0, 9, 5, NA, NA, 0.00003495342
3, 1, 0, 0, 0, 0, 0, 1, 0, 1, 1, NA, NA, NA, NA, 0.00004660457
2, 1, 0, 1, 1, 1, 0, 0, 0, 0, 0, NA, NA, NA, NA, 0.00005243014
3, 1, 0, 1, 1, 1, 1, 0, 0, 0, 0, NA, NA, NA, NA, 0.00004660457
3, 0, 0, 0, 0, 0, 0, 0, 0, 0, 0, 7, NA, 7, NA, 0.00003495342
5, 0, 0, 0, 0, 0, 0, 0, 0, 0, 0, NA, NA, NA, 9, 0.00005825571
5, 1, 0, 0, 0, 0, 0, 0, 0, 0, 0, 4, 3, NA, NA, 0.00005243014
5, 0, 0, 0, 0, 0, 0, 0, 0, 0, 0, NA, NA, NA, 8, 0.00007573242
4, 0, 1, 1, 1, 1, 0, 0, 0, 0, 0, NA, NA, NA, NA, 0.00003495342
5, 0, 0, 0, 0, 0, 0, 0, 0, 0, 0, 9, 6, NA, NA, 0.00003495342
4, 0, 0, 0, 0, 0, 0, 0, 0, 0, 1, 9, NA, NA, NA, 0.00003495342
5, 1, 0, 0, 0, 0, 0, 1, 0, 0, 0, NA, NA, NA, NA, 0.00003495342
2, 1, 0, 0, 0, 0, 0, 0, 0, 0, 0, NA, 3, NA, NA, 0.00004660457
3, 1, 0, 0, 0, 0, 0, 0, 0, 0, 0, NA, 4, NA, NA, 0.00006408128
3, 0, 0, 0, 1, 1, 1, 1, 1, 1, 0, NA, NA, NA, NA, 0.00007573242
5, 1, 0, 0, 0, 0, 0, 0, 0, 0, 0, 8, 2, NA, NA, 0.00003495342
3, 0, 0, 0, 0, 0, 0, 0, 0, 0, 0, 6, NA, NA, 6, 0.00004077900
3, 1, 0, 1, 1, 1, 0, 0, 0, 0, 0, NA, NA, NA, NA, 0.00003495342
5, 1, 1, 0, 0, 0, 0, 0, 0, 0, 0, NA, NA, NA, NA, 0.00003495342
3, 0, 1, 1, 1, 1, 1, 1, 1, 0, 0, NA, NA, NA, NA, 0.00008155799
4, 1, 0, 0, 0, 0, 0, 0, 0, 0, 0, 8, 7, NA, NA, 0.00005243014
4, 1, 0, 0, 0, 0, 0, 0, 0, 0, 0, 6, NA, 5, NA, 0.00003495342
3, 0, 0, 1, 1, 1, 1, 1, 1, 1, 0, NA, NA, NA, NA, 0.00011068584
4, 0, 0, 0, 0, 0, 0, 0, 0, 0, 0, 2, NA, 2, NA, 0.00009320913
5, 0, 0, 0, 0, 0, 0, 0, 0, 0, 0, 9, NA, 8, NA, 0.00004660457
3, 0, 0, 0, 0, 0, 0, 1, 0, 1, 0, NA, NA, NA, NA, 0.00006408128
3, 1, 0, 0, 0, 0, 0, 0, 0, 0, 0, NA, 6, NA, NA, 0.00010486027
5, 1, 0, 0, 0, 0, 0, 0, 0, 0, 0, NA, NA, NA, 2, 0.00008155799
2, 1, 0, 0, 0, 0, 0, 0, 1, 0, 1, NA, NA, NA, NA, 0.00006408128
3, 1, 0, 0, 0, 0, 0, 0, 0, 0, 0, 4, NA, 4, NA, 0.00005243014
5, 1, 0, 0, 0, 0, 0, 0, 0, 1, 0, NA, NA, NA, NA, 0.00004660457
5, 1, 1, 1, 1, 1, 1, 1, 1, 1, 1, NA, NA, NA, NA, 0.00003495342
6, 1, 0, 0, 0, 0, 0, 0, 0, 0, 0, NA, 5, NA, NA, 0.00005243014
5, 0, 0, 1, 0, 0, 0, 0, 0, 0, 0, NA, NA, NA, NA, 0.00004660457
5, 1, 0, 0, 0, 0, 0, 0, 0, 0, 0, 8, 8, NA, NA, 0.00006408128
5, 0, 0, 0, 0, 0, 0, 0, 0, 0, 0, 8, NA, 8, NA, 0.00006990685
5, 0, 0, 0, 0, 0, 0, 0, 0, 0, 0, NA, NA, NA, 4, 0.00006990685
4, 0, 0, 0, 0, 0, 0, 0, 0, 0, 0, 6, NA, NA, 6, 0.00005243014
3, 1, 0, 0, 0, 0, 0, 0, 0, 0, 0, NA, NA, NA, 8, 0.00009903470
4, 1, 0, 1, 1, 0, 0, 0, 0, 0, 0, NA, NA, NA, NA, 0.00004660457
4, 0, 0, 0, 0, 0, 0, 0, 0, 0, 0, 9, 6, NA, NA, 0.00007573242
2, 0, 0, 0, 0, 0, 1, 0, 0, 0, 1, NA, NA, NA, NA, 0.00006408128
5, 0, 0, 0, 0, 0, 0, 0, 0, 0, 0, 4, 2, NA, NA, 0.00004660457
4, 1, 0, 0, 0, 0, 0, 0, 0, 0, 0, 7, 3, NA, NA, 0.00004077900
3, 0, 0, 0, 0, 0, 0, 0, 0, 1, 1, NA, NA, NA, 8, 0.00003495342
3, 0, 0, 0, 0, 0, 0, 0, 0, 0, 0, 3, NA, NA, 3, 0.00004077900
4, 1, 0, 0, 0, 0, 0, 0, 0, 0, 0, 8, NA, 7, NA, 0.00003495342
5, 1, 0, 0, 0, 0, 0, 0, 0, 0, 0, 6, 3, NA, NA, 0.00006408128
5, 1, 0, 0, 0, 0, 0, 0, 0, 0, 0, NA, 5, NA, NA, 0.00033205753
4, 1, 0, 1, 1, 1, 0, 0, 0, 0, 0, NA, NA, NA, NA, 0.00004660457
2, 1, 0, 0, 1, 1, 1, 1, 1, 1, 0, NA, NA, NA, NA, 0.00005243014
3, 0, 0, 0, 0, 0, 0, 0, 0, 0, 0, 9, NA, NA, 9, 0.00004077900
4, 1, 0, 0, 0, 0, 0, 0, 0, 0, 0, 4, NA, 4, NA, 0.00006408128
5, 1, 0, 0, 0, 0, 0, 0, 0, 0, 0, 9, NA, 9, NA, 0.00007573242
6, 1, 0, 0, 0, 0, 0, 0, 0, 0, 0, NA, 4, NA, NA, 0.00005243014
4, 0, 0, 0, 0, 0, 0, 0, 0, 0, 0, 8, NA, 8, NA, 0.00008738356
5, 0, 0, 0, 0, 0, 0, 0, 0, 0, 0, 7, 5, NA, NA, 0.00004660457
1, 1, 0, 0, 0, 0, 0, 0, 0, 1, 1, NA, NA, NA, NA, 0.00003495342
5, 0, 0, 0, 0, 0, 0, 0, 0, 0, 0, NA, NA, NA, 5, 0.00006408128
4, 0, 0, 0, 1, 1, 0, 0, 0, 0, 0, NA, NA, NA, NA, 0.00005243014
5, 1, 0, 0, 0, 0, 1, 1, 1, 1, 1, NA, NA, NA, NA, 0.00005825571
2, 0, 0, 1, 1, 1, 1, 1, 1, 0, 0, NA, NA, NA, NA, 0.00006408128
5, 0, 0, 0, 0, 1, 1, 1, 1, 1, 1, NA, NA, NA, NA, 0.00005243014
3, 0, 0, 0, 0, 0, 0, 0, 0, 0, 0, 8, NA, 8, NA, 0.00004077900
4, 0, 0, 0, 0, 0, 0, 0, 0, 0, 0, 9, 3, NA, NA, 0.00005243014
5, 0, 0, 0, 0, 0, 0, 0, 0, 0, 0, 6, 6, NA, NA, 0.00003495342
2, 0, 0, 0, 0, 0, 0, 1, 0, 0, 1, NA, NA, NA, NA, 0.00006990685
3, 0, 1, 1, 1, 1, 1, 0, 1, 1, 1, NA, NA, NA, NA, 0.00004077900
4, 1, 0, 0, 0, 0, 0, 0, 0, 0, 0, 5, 5, NA, NA, 0.00005825571
5, 0, 0, 0, 0, 0, 0, 0, 0, 0, 0, 9, 8, NA, NA, 0.00003495342
4, 0, 0, 0, 0, 0, 0, 0, 0, 0, 0, 6, 6, NA, NA, 0.00008155799
5, 1, 0, 0, 0, 0, 0, 0, 0, 0, 0, 4, 4, NA, NA, 0.00009320913
4, 1, 0, 0, 0, 0, 0, 0, 0, 0, 0, 7, 2, NA, NA, 0.00003495342
4, 0, 0, 0, 0, 0, 0, 0, 0, 0, 0, 3, NA, NA, 3, 0.00005825571
4, 0, 0, 0, 0, 0, 0, 0, 0, 1, 0, 9, NA, NA, NA, 0.00004077900
3, 0, 0, 0, 0, 1, 1, 0, 1, 1, 1, NA, NA, NA, NA, 0.00003495342
4, 0, 0, 0, 0, 0, 0, 0, 0, 0, 0, 9, NA, NA, 9, 0.00006408128
2, 1, 0, 0, 1, 1, 1, 0, 0, 0, 0, NA, NA, NA, NA, 0.00004660457
4, 1, 0, 0, 0, 0, 0, 0, 0, 0, 0, 4, NA, 2, NA, 0.00004077900
1, 0, 0, 0, 0, 1, 1, 1, 1, 1, 1, NA, NA, NA, NA, 0.00004660457
3, 0, 1, 1, 1, 1, 1, 1, 1, 0, 1, NA, NA, NA, NA, 0.00004077900
4, 0, 0, 0, 0, 0, 0, 0, 0, 0, 0, 8, 3, NA, NA, 0.00003495342
5, 1, 0, 0, 0, 0, 0, 0, 0, 0, 0, 5, 5, NA, NA, 0.00007573242
2, 1, 0, 0, 0, 1, 1, 1, 1, 0, 0, NA, NA, NA, NA, 0.00004660457
2, 0, 0, 1, 1, 1, 0, 1, 1, 1, 1, NA, NA, NA, NA, 0.00004660457
5, 1, 0, 0, 0, 0, 0, 0, 0, 0, 0, 5, NA, 5, NA, 0.00008155799
5, 1, 0, 0, 0, 0, 0, 0, 0, 0, 0, NA, NA, NA, 8, 0.00006990685
2, 0, 0, 1, 1, 1, 1, 1, 1, 0, 1, NA, NA, NA, NA, 0.00004077900
5, 0, 0, 0, 0, 0, 1, 1, 1, 1, 1, NA, NA, NA, NA, 0.00003495342
1, 0, 0, 0, 0, 0, 0, 1, 1, 1, 1, NA, NA, NA, NA, 0.00004077900
2, 0, 0, 0, 0, 0, 0, 0, 0, 0, 0, NA, NA, NA, 8, 0.00016894155
4, 0, 0, 0, 0, 0, 0, 0, 0, 0, 0, 8, 5, NA, NA, 0.00005243014
4, 1, 0, 0, 1, 1, 1, 1, 0, 0, 0, NA, NA, NA, NA, 0.00004660457
4, 0, 1, 1, 1, 1, 1, 0, 0, 0, 0, NA, NA, NA, NA, 0.00005243014
5, 1, 0, 0, 0, 0, 0, 0, 0, 0, 0, 7, NA, 7, NA, 0.00005825571
2, 1, 1, 1, 1, 0, 1, 1, 1, 1, 1, NA, NA, NA, NA, 0.00003495342
4, 1, 0, 1, 1, 1, 1, 1, 1, 1, 0, NA, NA, NA, NA, 0.00003495342
3, 1, 1, 1, 1, 1, 1, 1, 1, 1, 0, NA, NA, NA, NA, 0.00011068584
5, 0, 0, 0, 0, 0, 0, 0, 0, 0, 0, 4, 3, NA, NA, 0.00004660457
5, 0, 0, 0, 0, 0, 0, 0, 0, 0, 0, 8, 8, NA, NA, 0.00008155799
5, 0, 0, 0, 0, 0, 0, 0, 0, 0, 0, 7, 7, NA, NA, 0.00006408128
2, 1, 1, 1, 1, 1, 1, 1, 0, 1, 1, NA, NA, NA, NA, 0.00004660457
4, 0, 0, 0, 0, 0, 0, 0, 0, 0, 0, 8, NA, 4, NA, 0.00006990685
5, 1, 0, 0, 0, 0, 0, 0, 0, 0, 0, 9, NA, 2, NA, 0.00004077900
1, 1, 0, 0, 0, 0, 0, 0, 1, 1, 1, NA, NA, NA, NA, 0.00004660457
2, 1, 0, 0, 0, 0, 0, 1, 1, 0, 0, NA, NA, NA, NA, 0.00014563927
2, 1, 0, 0, 0, 1, 0, 1, 1, 1, 1, NA, NA, NA, NA, 0.00004077900
4, 1, 0, 0, 0, 0, 0, 0, 0, 0, 0, 4, NA, NA, 4, 0.00004077900
4, 1, 0, 0, 0, 0, 0, 0, 0, 0, 0, 9, 8, NA, NA, 0.00005243014
5, 0, 0, 0, 0, 0, 0, 0, 0, 0, 0, 9, 3, NA, NA, 0.00004660457
2, 0, 1, 1, 1, 1, 1, 1, 1, 0, 1, NA, NA, NA, NA, 0.00006408128
2, 1, 1, 1, 1, 1, 1, 1, 1, 0, 0, NA, NA, NA, NA, 0.00004077900
2, 0, 0, 0, 0, 1, 1, 0, 1, 1, 1, NA, NA, NA, NA, 0.00004077900
4, 1, 0, 0, 0, 0, 0, 0, 0, 0, 0, 7, NA, 3, NA, 0.00005243014
4, 0, 0, 0, 0, 0, 0, 0, 0, 0, 0, 9, 4, NA, NA, 0.00004077900
4, 1, 0, 0, 0, 0, 0, 0, 0, 0, 0, 2, NA, 2, NA, 0.00005243014
5, 0, 0, 0, 0, 0, 0, 0, 0, 0, 0, 6, NA, 6, NA, 0.00005243014
4, 1, 0, 0, 0, 0, 0, 0, 0, 0, 0, 7, NA, NA, 7, 0.00004660457
5, 0, 0, 0, 0, 0, 0, 0, 0, 0, 0, 7, 4, NA, NA, 0.00003495342
5, 1, 0, 0, 0, 0, 0, 0, 0, 0, 0, 3, NA, NA, 3, 0.00004660457
5, 0, 0, 0, 0, 0, 0, 0, 0, 0, 0, 6, 3, NA, NA, 0.00004077900
4, 1, 0, 0, 0, 0, 0, 0, 0, 0, 0, NA, NA, 8, 8, 0.00003495342
3, 0, 0, 0, 0, 0, 0, 0, 0, 0, 1, NA, NA, 6, NA, 0.00003495342
4, 0, 0, 0, 0, 0, 0, 0, 0, 0, 0, 8, NA, NA, 6, 0.00003495342
4, 0, 0, 0, 0, 0, 0, 0, 0, 0, 0, 4, 2, NA, NA, 0.00005243014
3, 0, 0, 0, 0, 0, 0, 0, 0, 0, 0, 8, NA, NA, 7, 0.00004077900
3, 1, 0, 0, 0, 0, 0, 0, 0, 0, 0, 6, NA, 6, NA, 0.00003495342
4, 0, 0, 0, 0, 0, 0, 0, 0, 0, 0, 5, NA, 4, NA, 0.00003495342
4, 1, 0, 0, 0, 0, 0, 0, 0, 0, 0, NA, NA, NA, 3, 0.00012816256
5, 0, 0, 0, 0, 0, 0, 0, 0, 0, 0, 5, 3, NA, NA, 0.00005243014
3, 0, 0, 0, 0, 0, 0, 0, 0, 0, 1, NA, NA, 9, NA, 0.00005243014
2, 0, 1, 0, 1, 1, 1, 1, 1, 1, 1, NA, NA, NA, NA, 0.00003495342
5, 1, 0, 0, 0, 1, 1, 1, 1, 1, 1, NA, NA, NA, NA, 0.00006408128
3, 0, 0, 1, 1, 1, 1, 1, 1, 0, 0, NA, NA, NA, NA, 0.00005825571
5, 0, 0, 0, 0, 0, 0, 0, 0, 0, 0, 7, NA, 3, NA, 0.00003495342
5, 0, 0, 0, 0, 0, 0, 0, 0, 0, 0, 5, NA, 5, NA, 0.00005243014
3, 0, 1, 1, 1, 1, 1, 1, 0, 1, 1, NA, NA, NA, NA, 0.00004077900
5, 0, 0, 0, 0, 0, 0, 0, 0, 0, 0, 8, 2, NA, NA, 0.00004077900
5, 1, 0, 0, 0, 0, 0, 0, 0, 0, 0, 5, 3, NA, NA, 0.00003495342
5, 0, 0, 0, 0, 0, 0, 0, 0, 0, 0, 3, NA, 3, NA, 0.00004077900
3, 0, 0, 0, 1, 1, 1, 1, 1, 0, 0, NA, NA, NA, NA, 0.00006990685
2, 0, 0, 0, 0, 1, 0, 1, 1, 1, 1, NA, NA, NA, NA, 0.00003495342
5, 0, 0, 0, 0, 0, 0, 1, 1, 1, 1, NA, NA, NA, NA, 0.00007573242
3, 0, 0, 0, 0, 0, 1, 1, 1, 0, 1, NA, NA, NA, NA, 0.00005243014
4, 0, 0, 0, 0, 0, 0, 0, 0, 0, 0, 4, 4, NA, NA, 0.00005243014
2, 0, 0, 0, 0, 0, 0, 0, 0, 0, 0, NA, 9, NA, NA, 0.00004660457
5, 1, 0, 0, 0, 0, 0, 0, 0, 0, 0, 8, NA, 8, NA, 0.00008738356
5, 0, 0, 0, 0, 0, 0, 0, 0, 0, 0, 7, NA, 5, NA, 0.00003495342
4, 0, 0, 0, 0, 0, 0, 0, 0, 0, 0, 7, 6, NA, NA, 0.00003495342
5, 1, 0, 0, 0, 0, 0, 0, 0, 0, 0, 9, 7, NA, NA, 0.00005243014
4, 1, 0, 0, 0, 0, 0, 0, 0, 0, 0, 7, NA, 6, NA, 0.00005243014
4, 1, 0, 0, 0, 0, 0, 0, 0, 0, 0, 7, NA, 5, NA, 0.00003495342
4, 1, 0, 0, 0, 0, 0, 1, 1, 1, 0, NA, NA, NA, NA, 0.00006408128
2, 1, 1, 0, 0, 0, 0, 0, 1, 1, 1, NA, NA, NA, NA, 0.00003495342
4, 0, 0, 0, 0, 0, 0, 0, 0, 0, 0, 5, NA, NA, 5, 0.00005243014
5, 1, 0, 0, 0, 0, 0, 0, 0, 0, 0, 9, 9, NA, NA, 0.00004660457
5, 0, 0, 0, 0, 0, 0, 0, 1, 1, 1, NA, NA, NA, NA, 0.00005825571
4, 0, 0, 1, 1, 0, 0, 0, 0, 0, 0, NA, NA, NA, NA, 0.00005825571
5, 0, 0, 0, 0, 0, 0, 0, 0, 0, 0, 5, 2, NA, NA, 0.00005825571
5, 1, 0, 0, 0, 0, 0, 0, 0, 0, 0, 5, NA, 4, NA, 0.00004077900
4, 0, 0, 0, 0, 0, 1, 1, 1, 1, 0, NA, NA, NA, NA, 0.00004077900
5, 0, 0, 1, 1, 1, 1, 1, 1, 1, 1, NA, NA, NA, NA, 0.00003495342
4, 0, 0, 0, 0, 0, 0, 0, 0, 0, 0, 6, 5, NA, NA, 0.00006408128
3, 0, 0, 1, 0, 0, 0, 0, 0, 0, 1, NA, NA, NA, NA, 0.00003495342
5, 0, 0, 0, 0, 0, 0, 0, 0, 0, 0, 7, 6, NA, NA, 0.00003495342
